marca,nombre,referencia,material,anio,precio_usd,moneda,estado,id_fuente,url,fecha_scraping
Rolex,Rolex 114270 Explorer SS Black Dial Circa. 2005,114270,Acero,2005.0,7350,USD,Used,71654,https://www.europeanwatch.com/watch/rolex-114270-114270-explorer-ss-black-dial-circa-2005-71654,2026-09-30
Rolex,Rolex 15200 Oyster Perpetual Date SS Silver Dial,15200,Acero,,5990,USD,Used,71626,https://www.europeanwatch.com/watch/rolex-15200-15200-oyster-perpetual-date-ss-silver-dial-71626,2026-09-30
Rolex,Rolex 116660 Sea-Dweller Deepsea SS Black Dial,116660,Acero,,9750,USD,Used,71549,https://www.europeanwatch.com/watch/rolex-116660-116660-sea-dweller-deepsea-ss-black-dial-71549,2026-09-30
Rolex,"Rolex 116719BLRO GMT-Master II ""Pepsi"" 18K White Gold Black Dial",116719BLRO,Oro blanco,,37550,USD,Used,71553,https://www.europeanwatch.com/watch/rolex-116719blro-116719blro-gmt-master-ii-pepsi-18k-white-gold-bl-71553,2026-09-30
Rolex,Rolex 16710 GMT Master II Black Bezel SS Black Dial,16710,Acero,,15150,USD,Used,71140,https://www.europeanwatch.com/watch/rolex-16710-16710-gmt-master-ii-black-bezel-ss-black-dial-71140,2026-09-30
Rolex,Rolex 118238 Day-Date President 18K Yellow Gold Silver Dial,118238,Oro amarillo,,30890,USD,Used,71496,https://www.europeanwatch.com/watch/rolex-118238-118238-day-date-president-18k-yellow-gold-silver-dia-71496,2026-09-30
Rolex,Rolex 124060 Submariner No Date 41MM SS Black Dial,124060,Acero,,13950,USD,Used,69578,https://www.europeanwatch.com/watch/rolex-124060-124060-submariner-no-date-41mm-ss-black-dial-69578,2026-09-30
Rolex,"Rolex 116710BLNR GMT-Master II ""Batman"" SS Black Dial",116710BLNR,Acero,,16900,USD,Used,71536,https://www.europeanwatch.com/watch/rolex-116710blnr-116710blnr-gmt-master-ii-batman-ss-black-dial-71536,2026-09-30
Rolex,Rolex 116520 Daytona SS White Dial,116520,Acero,,25500,USD,Used,72251,https://www.europeanwatch.com/watch/rolex-116520-116520-daytona-ss-white-dial-72251,2026-09-30
Rolex,Rolex Datejust 31 18k RG / SS Diamond Bezel White Dial,,Oro rosa,,24900,USD,Used,72245,https://www.europeanwatch.com/watch/rolex-278381rbr-datejust-31-18k-rg-ss-diamond-bezel-white-dial-72245,2026-09-30
Rolex,Rolex 16520 Daytona Zenith SS White Dial Circa. 1995,16520,Acero,1995.0,28900,USD,Used,72419,https://www.europeanwatch.com/watch/rolex-16520-16520-daytona-zenith-ss-white-dial-circa-1995-72419,2026-09-30
Rolex,Rolex 6827 Datejust 31 18K Yellow Gold Champagne Dial Circa. 1978,6827,Oro amarillo,1978.0,16800,USD,Used,69021,https://www.europeanwatch.com/watch/rolex-6827-6827-datejust-31-18k-yellow-gold-champagne-dial-circa-69021,2026-09-30
Rolex,Rolex 124200 Oyster Perpetual 34 SS Beige Dial 2026 UNWORN,124200,Acero,2026.0,9900,USD,Used,68754,https://www.europeanwatch.com/watch/rolex-124200-124200-oyster-perpetual-34-ss-beige-dial-2026-unworn-68754,2026-09-30
Rolex,Rolex 126331 Datejust 41 18K RG / SS Gray Wimbledon Dial,126331,Oro rosa,,15900,USD,Used,68800,https://www.europeanwatch.com/watch/rolex-126331-126331-datejust-41-18k-rg-ss-gray-wimbledon-dial-68800,2026-09-30
Rolex,Rolex 116300 Datejust II SS Gray Roman Dial,116300,Acero,,9790,USD,Used,71931,https://www.europeanwatch.com/watch/rolex-116300-116300-datejust-ii-ss-gray-roman-dial-71931,2026-09-30
Rolex,Rolex 178240 Datejust 31 SS Silver Dial,178240,Acero,,7150,USD,Used,71957,https://www.europeanwatch.com/watch/rolex-178240-178240-datejust-31-ss-silver-dial-71957,2026-09-30
Rolex,Rolex 116400 Milgauss SS Black Dial Circa. 2007,116400,Acero,2007.0,9790,USD,Used,70732,https://www.europeanwatch.com/watch/rolex-116400-116400-milgauss-ss-black-dial-circa-2007-70732,2026-09-30
Rolex,Rolex 326935 Sky-Dweller 18K Rose Gold Silver Dial,326935,Oro rosa,,41150,USD,Used,70890,https://www.europeanwatch.com/watch/rolex-326935-326935-sky-dweller-18k-rose-gold-silver-dial-70890,2026-09-30
Rolex,Rolex 116900 Air-King SS Black Dial,116900,Acero,,7890,USD,Used,71766,https://www.europeanwatch.com/watch/rolex-116900-116900-air-king-ss-black-dial-71766,2026-09-30
Rolex,Rolex 214270 Explorer SS Black Dial,214270,Acero,,8450,USD,Used,71751,https://www.europeanwatch.com/watch/rolex-214270-214270-explorer-ss-black-dial-71751,2026-09-30
Rolex,Rolex 326935 Sky-Dweller 18K Rose Gold Silver Dial,326935,Oro rosa,,44500,USD,Used,72427,https://www.europeanwatch.com/watch/rolex-326935-326935-sky-dweller-18k-rose-gold-silver-dial-72427,2026-09-30
Rolex,Rolex 126334 Datejust 41 SS Black Diamond Dial,126334,Acero,,14950,USD,Used,68875,https://www.europeanwatch.com/watch/rolex-126334-126334-datejust-41-ss-black-diamond-dial-68875,2026-09-30
Rolex,Rolex 16710 GMT-Master II Coke Bezel SS Black Dial Circa. 2000,16710,Acero,2000.0,15390,USD,Used,70615,https://www.europeanwatch.com/watch/rolex-16710-16710-gmt-master-ii-coke-bezel-ss-black-dial-circa-20-70615,2026-09-30
Rolex,Rolex 118339 Day-Date 36 Diamonds 18K WG Mother of Pearl,118339,Oro blanco,,42290,USD,Used,71147,https://www.europeanwatch.com/watch/rolex-118339-118339-day-date-36-diamonds-18k-wg-mother-of-pearl-71147,2026-09-30
Rolex,Rolex 16570 Explorer II SS Black Dial Circa. 1989,16570,Acero,1989.0,9350,USD,Used,70749,https://www.europeanwatch.com/watch/rolex-16570-16570-explorer-ii-ss-black-dial-circa-1989-70749,2026-09-30
Rolex,Rolex 126234 Datejust 36 Jubilee SS Gradient Green Dial 2026,126234,Acero,2026.0,16150,USD,Used,72188,https://www.europeanwatch.com/watch/rolex-126234-126234-datejust-36-jubilee-ss-gradient-green-dial-20-72188,2026-09-30
Rolex,"Rolex 126720VTNR GMT-Master II ""Sprite"" SS Black Dial",126720VTNR,Acero,,16050,USD,Used,70159,https://www.europeanwatch.com/watch/rolex-126720vtnr-126720vtnr-gmt-master-ii-sprite-ss-black-dial-70159,2026-09-30
Rolex,Rolex 16710 GMT Master II Black Bezel SS Black Dial,16710,Acero,,16050,USD,Used,70769,https://www.europeanwatch.com/watch/rolex-16710-16710-gmt-master-ii-black-bezel-ss-black-dial-70769,2026-09-30
Rolex,Rolex 16610LV Kermit Submariner Date SS Black Dial Circa. 2003,16610LV,Acero,2003.0,21390,USD,Used,71690,https://www.europeanwatch.com/watch/rolex-16610lv-16610lv-kermit-submariner-date-ss-black-dial-circa-71690,2026-09-30
Rolex,Rolex 126234 Datejust 36 SS Palm Dial,126234,Acero,,14390,USD,Used,71270,https://www.europeanwatch.com/watch/rolex-126234-126234-datejust-36-ss-palm-dial-71270,2026-09-30
Rolex,Rolex 128155RBR Day-Date 36 Diamonds 18K Rose Gold Pave Dial,128155RBR,Oro rosa,,80050,USD,Used,71492,https://www.europeanwatch.com/watch/rolex-128155rbr-128155rbr-day-date-36-diamonds-18k-rose-gold-pave-71492,2026-09-30
Rolex,Rolex 126334 Datejust 41 SS Gray Wimbledon Dial 2026,126334,Acero,2026.0,16050,USD,Used,71708,https://www.europeanwatch.com/watch/rolex-126334-126334-datejust-41-ss-gray-wimbledon-dial-2026-71708,2026-09-30
Rolex,"Rolex 116000 Oyster Perpetual ""Harley Davidson"" SS Black Dial",116000,Acero,,6950,USD,Used,71500,https://www.europeanwatch.com/watch/rolex-116000-116000-oyster-perpetual-harley-davidson-ss-black-dia-71500,2026-09-30
Rolex,"Rolex 136660 Sea-Dweller Deepsea D-Blue ""James Cameron"" SS Blue Dial",136660,Acero,,14750,USD,Used,71142,https://www.europeanwatch.com/watch/rolex-136660-136660-sea-dweller-deepsea-d-blue-james-cameron-ss-b-71142,2026-09-30
Rolex,Rolex 116200 Datejust SS Silver Tuxedo Dial Dial Circa. 2008,116200,Acero,2008.0,8250,USD,Used,71330,https://www.europeanwatch.com/watch/rolex-116200-116200-datejust-ss-silver-tuxedo-dial-dial-circa-200-71330,2026-09-30
Rolex,Rolex 116578SACO Daytona 18K Yellow Gold MOP Orange Sapphire,116578SACO,Oro amarillo,,241550,USD,Used,70750,https://www.europeanwatch.com/watch/rolex-116578saco-116578saco-daytona-18k-yellow-gold-mop-orange-sa-70750,2026-09-30
Rolex,"Rolex 1665 Vintage Sea Dweller ""Great White"" SS Black Dial",1665,Acero,,23500,USD,Used,70063,https://www.europeanwatch.com/watch/rolex-1665-1665-vintage-sea-dweller-great-white-ss-black-dial-70063,2026-09-30
Rolex,Rolex 1680 Submariner SS Black Dial Circa. 1979,1680,Acero,1979.0,13900,USD,Used,67859,https://www.europeanwatch.com/watch/rolex-1680-1680-submariner-ss-black-dial-circa-1979-67859,2026-09-30
Rolex,Rolex 5513 Vintage Submariner SS Black Serif Matte Dial Circa. 1978,5513,Acero,1978.0,13900,USD,Used,52843,https://www.europeanwatch.com/watch/rolex-5513-5513-vintage-submariner-ss-black-serif-matte-dial-circ-52843,2026-09-30
Rolex,Rolex 126619LB Submariner Date 18K White Gold Black Dial,126619LB,Oro blanco,,36500,USD,Used,72153,https://www.europeanwatch.com/watch/rolex-126619lb-126619lb-submariner-date-18k-white-gold-black-dial-72153,2026-09-30
Rolex,Rolex 126710BLRO GMT-Master II Pepsi Bezel SS Black Dial,126710BLRO,Acero,,26500,USD,Used,72161,https://www.europeanwatch.com/watch/rolex-126710blro-126710blro-gmt-master-ii-pepsi-bezel-ss-black-di-72161,2026-09-30
Rolex,Rolex 116238 Datejust 36 18K Yellow Gold White Stick Dial,116238,Oro amarillo,,32500,USD,Used,72387,https://www.europeanwatch.com/watch/rolex-116238-116238-datejust-36-18k-yellow-gold-white-stick-dial-72387,2026-09-30
Rolex,Rolex 228206 Day-Date President Platinum Blue Roman Dial,228206,Platino,,64900,USD,Used,72593,https://www.europeanwatch.com/watch/rolex-228206-228206-day-date-president-platinum-blue-roman-dial-72593,2026-09-30
Rolex,Rolex 126500LN Daytona SS Black Dial 2026 UNWORN,126500LN,Acero,2026.0,35900,USD,Used,72490,https://www.europeanwatch.com/watch/rolex-126500ln-126500ln-daytona-ss-black-dial-2026-unworn-72490,2026-09-30
Rolex,Rolex 116523 Daytona Two-Tone 18K YG / SS White Diamond Dial,116523,Acero y oro,,23950,USD,Used,70560,https://www.europeanwatch.com/watch/rolex-116523-116523-daytona-two-tone-18k-yg-ss-white-diamond-dial-70560,2026-09-30
Rolex,Rolex 128235 Day-Date 36 18K Everose Gold Eisenkiesel Diamond Roman Dial 2026,128235,Oro rosa,2026.0,67150,USD,Used,70664,https://www.europeanwatch.com/watch/rolex-128235-128235-day-date-36-18k-everose-gold-eisenkiesel-diam-70664,2026-09-30
Rolex,Rolex 326934 Sky-Dweller SS Blue Dial,326934,Acero,,19850,USD,Used,71124,https://www.europeanwatch.com/watch/rolex-326934-326934-sky-dweller-ss-blue-dial-71124,2026-09-30
Rolex,Rolex 116519 Daytona 18K White Gold Meteorite Roman Dial,116519,Oro blanco,,45550,USD,Used,71429,https://www.europeanwatch.com/watch/rolex-116519-116519-daytona-18k-white-gold-meteorite-roman-dial-71429,2026-09-30
Rolex,Rolex 116200 Datejust SS Silver Dial,116200,Acero,,7990,USD,Used,71956,https://www.europeanwatch.com/watch/rolex-116200-116200-datejust-ss-silver-dial-71956,2026-09-30
Rolex,Rolex Day Date 18K Yellow Gold Ruby Bezel Pave Dial RARE UNWORN,,Oro amarillo,,335000,USD,Used,72432,https://www.europeanwatch.com/watch/rolex-228398tru-day-date-18k-yellow-gold-ruby-bezel-pave-dial-rar-72432,2026-09-30
Rolex,Rolex 126755SARU GMT-Master II 18K RG Sapphire / Ruby Pave Dial,126755SARU,Oro rosa,,225000,USD,Used,72535,https://www.europeanwatch.com/watch/rolex-126755saru-126755saru-gmt-master-ii-18k-rg-sapphire-ruby-pa-72535,2026-09-30
Rolex,Rolex 128238 Day-Date 36 18K Yellow Gold Green Baguette Dial 2026,128238,Oro amarillo,2026.0,67500,USD,Used,71752,https://www.europeanwatch.com/watch/rolex-128238-128238-day-date-36-18k-yellow-gold-green-baguette-di-71752,2026-09-30
Rolex,"Rolex 16610 Submariner SS Black ""SWISS ONLY"" Dial Circa. 1999",16610,Acero,1999.0,10300,USD,Used,72143,https://www.europeanwatch.com/watch/rolex-16610-16610-submariner-ss-black-swiss-only-dial-circa-1999-72143,2026-09-30
Rolex,Rolex 228239 Day-Date 40 18K White Gold Black Baguette Dial,228239,Oro blanco,,53650,USD,Used,71722,https://www.europeanwatch.com/watch/rolex-228239-228239-day-date-40-18k-white-gold-black-baguette-dia-71722,2026-09-30
Rolex,Rolex 15223 Oyster Perpetual Date 18K YG / SS Champagne Dial,15223,Oro amarillo,,6990,USD,Used,72283,https://www.europeanwatch.com/watch/rolex-15223-15223-oyster-perpetual-date-18k-yg-ss-champagne-dial-72283,2026-09-30
Rolex,Rolex 16710 GMT-Master II Coke Bezel SS Black Dial Circa. 1989,16710,Acero,1989.0,17900,USD,Used,71993,https://www.europeanwatch.com/watch/rolex-16710-16710-gmt-master-ii-coke-bezel-ss-black-dial-circa-19-71993,2026-09-30
Rolex,Rolex 52509 1908 18K White Gold Intense White Dial,52509,Oro blanco,,25900,USD,Used,72567,https://www.europeanwatch.com/watch/rolex-52509-52509-1908-18k-white-gold-intense-white-dial-72567,2026-09-30
Rolex,Rolex 218238 Day-Date II 18K Yellow Gold Champagne Dial,218238,Oro amarillo,,40750,USD,Used,71564,https://www.europeanwatch.com/watch/rolex-218238-218238-day-date-ii-18k-yellow-gold-champagne-dial-71564,2026-09-30
Rolex,Rolex 116000 Oyster Perpetual 36 SS Red Grape Dial,116000,Acero,,9350,USD,Used,71116,https://www.europeanwatch.com/watch/rolex-116000-116000-oyster-perpetual-36-ss-red-grape-dial-71116,2026-09-30
Rolex,Rolex 126660 Deepsea Sea-Dweller SS Black Dial,126660,Acero,,10350,USD,Used,67002,https://www.europeanwatch.com/watch/rolex-126660-126660-deepsea-sea-dweller-ss-black-dial-67002,2026-09-30
Rolex,Rolex 126333 Datejust 41 18K YG / SS Black Diamond Dial,126333,Oro amarillo,,15750,USD,Used,70247,https://www.europeanwatch.com/watch/rolex-126333-126333-datejust-41-18k-yg-ss-black-diamond-dial-70247,2026-09-30
Rolex,Rolex 228206 Day-Date 40 Platinum Blue Roman Dial,228206,Platino,,66500,USD,Used,72464,https://www.europeanwatch.com/watch/rolex-228206-228206-day-date-40-platinum-blue-roman-dial-72464,2026-09-30
Rolex,Rolex 116519LN Daytona 18K White Gold Silver Dial,116519LN,Oro blanco,,49500,USD,Used,72452,https://www.europeanwatch.com/watch/rolex-116519ln-116519ln-daytona-18k-white-gold-silver-dial-72452,2026-09-30
Rolex,Rolex 126519LN Daytona Ceramic 18K White Gold Black Dial,126519LN,Oro blanco,,49900,USD,Used,72533,https://www.europeanwatch.com/watch/rolex-126519ln-126519ln-daytona-ceramic-18k-white-gold-black-dial-72533,2026-09-30
Rolex,Rolex 116509 Daytona 18K White Gold Silver Racing Dial Circa. 2005,116509,Oro blanco,2005.0,42500,USD,Used,71953,https://www.europeanwatch.com/watch/rolex-116509-116509-daytona-18k-white-gold-silver-racing-dial-cir-71953,2026-09-30
Rolex,Rolex 116509 Daytona 18K White Gold Blue Dial,116509,Oro blanco,,45900,USD,Used,71715,https://www.europeanwatch.com/watch/rolex-116509-116509-daytona-18k-white-gold-blue-dial-71715,2026-09-30
Rolex,Rolex 126718GRNR GMT-Master II 18K Yellow Gold Black Dial 2025,126718GRNR,Oro amarillo,2025.0,48500,USD,Used,72123,https://www.europeanwatch.com/watch/rolex-126718grnr-126718grnr-gmt-master-ii-18k-yellow-gold-black-d-72123,2026-09-30
Rolex,Rolex 50535 Cellini Moonphase 18K Rose Gold White Dial,50535,Oro rosa,,27500,USD,Used,72371,https://www.europeanwatch.com/watch/rolex-50535-50535-cellini-moonphase-18k-rose-gold-white-dial-72371,2026-09-30
Rolex,Rolex 18038 Day-Date 18K Yellow Gold Burlwood Dial Circa. 1978,18038,Oro amarillo,1978.0,32500,USD,Used,70753,https://www.europeanwatch.com/watch/rolex-18038-18038-day-date-18k-yellow-gold-burlwood-dial-circa-19-70753,2026-09-30
Rolex,Rolex 116718LN GMT-Master II 18K Yellow Gold Black Dial,116718LN,Oro amarillo,,39500,USD,Used,71835,https://www.europeanwatch.com/watch/rolex-116718ln-116718ln-gmt-master-ii-18k-yellow-gold-black-dial-71835,2026-09-30
Rolex,Rolex 52508 Perpetual 1908 18K Yellow Gold Black Dial 2026,52508,Oro amarillo,2026.0,43900,USD,Used,69073,https://www.europeanwatch.com/watch/rolex-52508-52508-perpetual-1908-18k-yellow-gold-black-dial-2026-69073,2026-09-30
Rolex,Rolex 52506 1908 Platinum Ice Blue Guilloche Dial 2026,52506,Platino,2026.0,42500,USD,Used,72430,https://www.europeanwatch.com/watch/rolex-52506-52506-1908-platinum-ice-blue-guilloche-dial-2026-72430,2026-09-30
Rolex,Rolex 126331 Datejust 41 18K RG / SS Gray Wimbledon Dial,126331,Oro rosa,,15300,USD,Used,68696,https://www.europeanwatch.com/watch/rolex-126331-126331-datejust-41-18k-rg-ss-gray-wimbledon-dial-68696,2026-09-30
Rolex,Rolex 16600 Sea-Dweller SS Black Dial Circa. 1991,16600,Acero,1991.0,9900,USD,Used,70334,https://www.europeanwatch.com/watch/rolex-16600-16600-sea-dweller-ss-black-dial-circa-1991-70334,2026-09-30
Rolex,Rolex 16600 Sea-Dweller SS Black Dial,16600,Acero,,9900,USD,Used,69869,https://www.europeanwatch.com/watch/rolex-16600-16600-sea-dweller-ss-black-dial-69869,2026-09-30
Rolex,Rolex 226570 Explorer II SS Black Dial,226570,Acero,,13350,USD,Used,72226,https://www.europeanwatch.com/watch/rolex-226570-226570-explorer-ii-ss-black-dial-72226,2026-09-30
Rolex,Rolex 1803 Day-Date 18K Yellow Gold Portuguese Champagne Dial,1803,Oro amarillo,,13900,USD,Used,70523,https://www.europeanwatch.com/watch/rolex-1803-1803-day-date-18k-yellow-gold-portuguese-champagne-dia-70523,2026-09-30
Rolex,"Rolex 16613 Submariner ""Serti"" 18K YG / SS Silver Dial Circa. 1999",16613,Oro amarillo,1999.0,14900,USD,Used,70976,https://www.europeanwatch.com/watch/rolex-16613-16613-submariner-serti-18k-yg-ss-silver-dial-circa-19-70976,2026-09-30
Rolex,Rolex 16613 Submariner Date 18K YG / SS Black Dial Circa. 2002,16613,Oro amarillo,2002.0,13250,USD,Used,70658,https://www.europeanwatch.com/watch/rolex-116613-16613-submariner-date-18k-yg-ss-black-dial-circa-200-70658,2026-09-30
Rolex,Rolex 126234 Datejust 36 Jubilee SS Gradient Green Dial 2026,126234,Acero,2026.0,17500,USD,Used,72242,https://www.europeanwatch.com/watch/rolex-126234-126234-datejust-36-jubilee-ss-gradient-green-dial-20-72242,2026-09-30
Rolex,Rolex 224270 Explorer 40MM SS Black Dial,224270,Acero,,10400,USD,Used,72335,https://www.europeanwatch.com/watch/rolex-224270-224270-explorer-40mm-ss-black-dial-72335,2026-09-30
Rolex,Rolex 124300 Oyster Perpetual SS Silver Dial,124300,Acero,,10300,USD,Used,72336,https://www.europeanwatch.com/watch/rolex-124300-124300-oyster-perpetual-ss-silver-dial-72336,2026-09-30
Rolex,Rolex 50535 Cellini Moonphase 18K Rose Gold White Dial,50535,Oro rosa,,29900,USD,Used,71217,https://www.europeanwatch.com/watch/rolex-50535-50535-cellini-moonphase-18k-rose-gold-white-dial-71217,2026-09-30
Rolex,Rolex 50535 Cellini Moonphase 18K Rose Gold White Dial,50535,Oro rosa,,28900,USD,Used,71716,https://www.europeanwatch.com/watch/rolex-50535-50535-cellini-moonphase-18k-rose-gold-white-dial-71716,2026-09-30
Rolex,Rolex 118209 Day-Date 36 18K White Gold Gray Roman Dial,118209,Oro blanco,,29900,USD,Used,70992,https://www.europeanwatch.com/watch/rolex-118209-118209-day-date-36-18k-white-gold-gray-roman-dial-70992,2026-09-30
Rolex,Rolex 5500 Air-King Precision SS Silver Dial,5500,Acero,,5500,USD,Used,72272,https://www.europeanwatch.com/watch/rolex-5500-5500-air-king-precision-ss-silver-dial-72272,2026-09-30
Rolex,Rolex 5330/9 Cellini Cestello 18K White Gold White Roman Dial,5330/9,Oro blanco,,8350,USD,Used,71851,https://www.europeanwatch.com/watch/rolex-5330-9-5330-9-cellini-cestello-18k-white-gold-white-roman-d-71851,2026-09-30
Rolex,Rolex 16618 Submariner 18K Yellow Gold Blue Dial Circa. 1997,16618,Oro amarillo,1997.0,32250,USD,Used,68931,https://www.europeanwatch.com/watch/rolex-16618-16618-submariner-18k-yellow-gold-blue-dial-circa-1997-68931,2026-09-30
Rolex,Rolex 16570 Explorer II SS Black Dial,16570,Acero,,9850,USD,Used,71107,https://www.europeanwatch.com/watch/rolex-16570-16570-explorer-ii-ss-black-dial-71107,2026-09-30
Rolex,Rolex 126334 Datejust 41MM SS Green Motif Dial,126334,Acero,,17150,USD,Used,69314,https://www.europeanwatch.com/watch/rolex-126334-126334-datejust-41mm-ss-green-motif-dial-69314,2026-09-30
Rolex,Rolex 114200 Air-King SS Orange Concentric Silver Dial Circa. 2008,114200,Acero,2008.0,7850,USD,Used,71340,https://www.europeanwatch.com/watch/rolex-114200-114200-air-king-ss-orange-concentric-silver-dial-cir-71340,2026-09-30
Rolex,Rolex 16628 Yacht Master 18K Yellow Gold Sunburst Blue Dial Circa. 2003,16628,Oro amarillo,2003.0,25650,USD,Used,69797,https://www.europeanwatch.com/watch/rolex-16628-16628-yacht-master-18k-yellow-gold-sunburst-blue-dial-69797,2026-09-30
Rolex,Rolex 16808 Submariner Date 18K Yellow Gold Blue Dial,16808,Oro amarillo,,29950,USD,Used,69690,https://www.europeanwatch.com/watch/rolex-1680-8-16808-submariner-date-18k-yellow-gold-blue-dial-69690,2026-09-30
Rolex,Rolex 14000 Air King SS Salmon Dial,14000,Acero,,5750,USD,Used,68636,https://www.europeanwatch.com/watch/rolex-14000-14000-air-king-ss-salmon-dial-68636,2026-09-30
Rolex,Rolex 224270 Explorer 40MM SS Black Dial 2025,224270,Acero,2025.0,10500,USD,Used,72273,https://www.europeanwatch.com/watch/rolex-224270-224270-explorer-40mm-ss-black-dial-2025-72273,2026-09-30
Rolex,"Rolex 126300 Datejust 41 SS Gray ""Wimbledon"" Dial",126300,Acero,,12500,USD,Used,72206,https://www.europeanwatch.com/watch/rolex-126300-126300-datejust-41-ss-gray-wimbledon-dial-72206,2026-09-30
Rolex,Rolex 124060 Submariner No Date SS Black Dial,124060,Acero,,13900,USD,Used,72241,https://www.europeanwatch.com/watch/rolex-124060-124060-submariner-no-date-ss-black-dial-72241,2026-09-30
Rolex,"Rolex 126610LV Submariner Date ""Starbucks"" SS Black Dial",126610LV,Acero,,15500,USD,Used,72163,https://www.europeanwatch.com/watch/rolex-126610lv-126610lv-submariner-date-starbucks-ss-black-dial-72163,2026-09-30
Rolex,Rolex 326934 Sky-Dweller SS Silver Dial,326934,Acero,,17900,USD,Used,70255,https://www.europeanwatch.com/watch/rolex-326934-326934-sky-dweller-ss-silver-dial-70255,2026-09-30
Rolex,Rolex 116519LN Daytona 18K White Gold Silver Dial,116519LN,Oro blanco,,49500,USD,Used,72408,https://www.europeanwatch.com/watch/rolex-116519ln-116519ln-daytona-18k-white-gold-silver-dial-72408,2026-09-30
Rolex,"Rolex 116518LN Daytona ""Pikachu"" 18K Yellow Gold Champagne Dial",116518LN,Oro amarillo,,54500,USD,Used,72132,https://www.europeanwatch.com/watch/rolex-116518ln-116518ln-daytona-pikachu-18k-yellow-gold-champagne-72132,2026-09-30
Rolex,"Rolex 126528LN Daytona ""Le Mans"" 18K Yellow Gold Black Dial",126528LN,Oro amarillo,,209000,USD,Used,72458,https://www.europeanwatch.com/watch/rolex-126528ln-126528ln-daytona-le-mans-18k-yellow-gold-black-dia-72458,2026-09-30
Rolex,"Rolex 116508 Daytona ""John Mayer"" 18K Yellow Gold Green Dial",116508,Oro amarillo,,75890,USD,Used,70354,https://www.europeanwatch.com/watch/rolex-116508-116508-daytona-john-mayer-18k-yellow-gold-green-dial-70354,2026-09-30
Rolex,Rolex 126519LN Daytona Ceramic 18K White Gold Black Diamond Dial 2025,126519LN,Oro blanco,2025.0,48500,USD,Used,71519,https://www.europeanwatch.com/watch/rolex-126519ln-126519ln-daytona-ceramic-18k-white-gold-black-diam-71519,2026-09-30
Rolex,Rolex 126000 Oyster Perpetual 36 SS Lavender Dial 2026,126000,Acero,2026.0,11350,USD,Used,72257,https://www.europeanwatch.com/watch/rolex-126000-126000-oyster-perpetual-36-ss-lavender-dial-2026-72257,2026-09-30
Rolex,Rolex 126300 Datejust 41 SS White Dial 2026,126300,Acero,2026.0,12650,USD,Used,72007,https://www.europeanwatch.com/watch/rolex-126300-126300-datejust-41-ss-white-dial-2026-72007,2026-09-30
Rolex,Rolex 226570 Explorer II SS Black Dial 2025,226570,Acero,2025.0,13600,USD,Used,72279,https://www.europeanwatch.com/watch/rolex-226570-226570-explorer-ii-ss-black-dial-2025-72279,2026-09-30
Rolex,Rolex 18238 Day-Date President ARABIC 18K Yellow Gold Black Onyx Dial,18238,Oro amarillo,,79500,USD,Used,71368,https://www.europeanwatch.com/watch/rolex-18238-18238-day-date-president-arabic-18k-yellow-gold-black-71368,2026-09-30
Rolex,Rolex 126509 Daytona 18K White Gold Black Diamond Dial,126509,Oro blanco,,52500,USD,Used,72017,https://www.europeanwatch.com/watch/rolex-126509-126509-daytona-18k-white-gold-black-diamond-dial-72017,2026-09-30
Rolex,Rolex 16519 Daytona 18K White Gold White Dial,16519,Oro blanco,,35900,USD,Used,71384,https://www.europeanwatch.com/watch/rolex-16519-16519-daytona-18k-white-gold-white-dial-71384,2026-09-30
Rolex,Rolex 116509 Daytona 18K White Gold Blue Dial,116509,Oro blanco,,45900,USD,Used,72207,https://www.europeanwatch.com/watch/rolex-116509-116509-daytona-18k-white-gold-blue-dial-72207,2026-09-30
Rolex,Rolex 126500LN Daytona SS Black Dial 2026,126500LN,Acero,2026.0,34900,USD,Used,71822,https://www.europeanwatch.com/watch/rolex-126500ln-126500ln-daytona-ss-black-dial-2026-71822,2026-09-30
Rolex,Rolex 126500LN Daytona SS Black Dial 2025,126500LN,Acero,2025.0,32900,USD,Used,71657,https://www.europeanwatch.com/watch/rolex-126500ln-126500ln-daytona-ss-black-dial-2025-71657,2026-09-30
Rolex,Rolex 228235 Day-Date 40MM 18K Everose Slate Gray Ombre 2025,228235,Oro rosa,2025.0,65190,USD,Used,71400,https://www.europeanwatch.com/watch/rolex-228235-228235-day-date-40mm-18k-everose-slate-gray-ombre-20-71400,2026-09-30
Rolex,Rolex 118206 Day-Date 36 Platinum Blue Wave Dial Circa. 2000,118206,Platino,2000.0,34750,USD,Used,70498,https://www.europeanwatch.com/watch/rolex-118206-118206-day-date-36-platinum-blue-wave-dial-circa-200-70498,2026-09-30
Rolex,Rolex 116200 Datejust SS Silver Tuxedo Dial,116200,Acero,,8150,USD,Used,70779,https://www.europeanwatch.com/watch/rolex-116200-116200-datejust-ss-silver-tuxedo-dial-70779,2026-09-30
Rolex,"Rolex 136660 Sea-Dweller Deepsea D-Blue ""James Cameron"" SS Blue Dial",136660,Acero,,15750,USD,Used,72008,https://www.europeanwatch.com/watch/rolex-136660-136660-sea-dweller-deepsea-d-blue-james-cameron-ss-b-72008,2026-09-30
Rolex,"Rolex 16610LV Kermit Submariner Date ""Flat 4"" SS Black Dial",16610LV,Acero,,23650,USD,Used,70005,https://www.europeanwatch.com/watch/rolex-16610lv-16610lv-kermit-submariner-date-flat-4-ss-black-dial-70005,2026-09-30
Rolex,Rolex 126713GRNR GMT Master II SS / 18K YG Black Dial 2025,126713GRNR,Oro amarillo,2025.0,22900,USD,Used,71214,https://www.europeanwatch.com/watch/rolex-126713grnr-126713grnr-gmt-master-ii-ss-18k-yg-black-dial-20-71214,2026-09-30
Rolex,Rolex 336935 Sky-Dweller 18K Rose Gold Blue Dial,336935,Oro rosa,,69500,USD,Used,71736,https://www.europeanwatch.com/watch/rolex-336935-336935-sky-dweller-18k-rose-gold-blue-dial-71736,2026-09-30
Rolex,Rolex 228235 Day-Date 40 18K Everose Gold Olive Green Roman Dial,228235,Oro rosa,,62500,USD,Used,72262,https://www.europeanwatch.com/watch/rolex-228235-228235-day-date-40-18k-everose-gold-olive-green-roma-72262,2026-09-30
Rolex,Rolex 128239 Day-Date 36 18K White Gold Blue Ombre Dial,128239,Oro blanco,,48500,USD,Used,72102,https://www.europeanwatch.com/watch/rolex-128239-128239-day-date-36-18k-white-gold-blue-ombre-dial-72102,2026-09-30
Rolex,Rolex 116234 Datejust 36 SS Blue Diamond Dial,116234,Acero,,13890,USD,Used,71470,https://www.europeanwatch.com/watch/rolex-116234-116234-datejust-36-ss-blue-diamond-dial-71470,2026-09-30
Rolex,"Rolex 16700 GMT-Master ""Pepsi"" SS Black Dial Circa. 1989",16700,Acero,1989.0,15300,USD,Used,71590,https://www.europeanwatch.com/watch/rolex-16700-16700-gmt-master-pepsi-ss-black-dial-circa-1989-71590,2026-09-30
Rolex,"Rolex 116660 Sea-Dweller Deepsea ""James Cameron"" SS Blue Dial",116660,Acero,,12950,USD,Used,71161,https://www.europeanwatch.com/watch/rolex-116660-116660-sea-dweller-deepsea-james-cameron-ss-blue-dia-71161,2026-09-30
Rolex,Rolex 134300 Oyster Perpetual 41 SS Blue Dial 2025,134300,Acero,2025.0,11800,USD,Used,71916,https://www.europeanwatch.com/watch/rolex-134300-134300-oyster-perpetual-41-ss-blue-dial-2025-71916,2026-09-30
Rolex,Rolex 116300 Datejust II SS Blue Roman Dial,116300,Acero,,10350,USD,Used,72006,https://www.europeanwatch.com/watch/rolex-116300-116300-datejust-ii-ss-blue-roman-dial-72006,2026-09-30
Rolex,Rolex 116200 Datejust SS Silver Tuxedo Dial Circa. 2008,116200,Acero,2008.0,8900,USD,Used,71898,https://www.europeanwatch.com/watch/rolex-116200-116200-datejust-ss-silver-tuxedo-dial-circa-2008-71898,2026-09-30
Rolex,Rolex 15200 Oyster Perpetual Date SS Blue Dial Circa. 2002,15200,Acero,2002.0,5900,USD,Used,71364,https://www.europeanwatch.com/watch/rolex-15200-15200-oyster-perpetual-date-ss-blue-dial-circa-2002-71364,2026-09-30
Rolex,Rolex 126509 Daytona 18K White Gold Black Diamond Dial 2026,126509,Oro blanco,2026.0,54500,USD,Used,72299,https://www.europeanwatch.com/watch/rolex-126509-126509-daytona-18k-white-gold-black-diamond-dial-202-72299,2026-09-30
Rolex,Rolex 126509 Cosmograph Daytona 18K White Gold Silver Dial 2025,126509,Oro blanco,2025.0,59900,USD,Used,71515,https://www.europeanwatch.com/watch/rolex-126509-126509-cosmograph-daytona-18k-white-gold-silver-dial-71515,2026-09-30
Rolex,Rolex 116334 Datejust II SS Blue Dial,116334,Acero,,11900,USD,Used,71683,https://www.europeanwatch.com/watch/rolex-116334-116334-datejust-ii-ss-blue-dial-71683,2026-09-30
Rolex,Rolex 18349 Day-Date President Diamonds 18K WG Champagne Dial Circa. 1989,18349,Oro blanco,1989.0,30890,USD,Used,70169,https://www.europeanwatch.com/watch/rolex-18349-18349-day-date-president-diamonds-18k-wg-champagne-di-70169,2026-09-30
Rolex,Rolex 1675/8 GMT Master 18K Yellow Gold Black Dial Circa. 1978,1675/8,Oro amarillo,1978.0,31850,USD,Used,66777,https://www.europeanwatch.com/watch/rolex-1675-8-1675-8-gmt-master-18k-yellow-gold-black-dial-circa-1-66777,2026-09-30
Rolex,Rolex 126200 Datejust 36 SS Silver Dial,126200,Acero,,9050,USD,Used,70330,https://www.europeanwatch.com/watch/rolex-126200-126200-datejust-36-ss-silver-dial-70330,2026-09-30
Rolex,Rolex 178275 Datejust 31 18K Rose Gold Pink Diamond Dial,178275,Oro rosa,,31900,USD,Used,71023,https://www.europeanwatch.com/watch/rolex-178275-178275-datejust-31-18k-rose-gold-pink-diamond-dial-71023,2026-09-30
Rolex,Rolex 126509 Daytona 18K White Gold Black Dial,126509,Oro blanco,,53900,USD,Used,71773,https://www.europeanwatch.com/watch/rolex-126509-126509-daytona-18k-white-gold-black-dial-71773,2026-09-30
Rolex,"Rolex 126715CHNR GMT Master II ""Root Beer"" 18K Everose Gold Black Dial",126715CHNR,Oro rosa,,46500,USD,Used,71659,https://www.europeanwatch.com/watch/rolex-126715chnr-126715chnr-gmt-master-ii-root-beer-18k-everose-g-71659,2026-09-30
Rolex,Rolex 18346 Day-Date 36 Platinum Silver Diamond Dial,18346,Platino,,35900,USD,Used,71257,https://www.europeanwatch.com/watch/rolex-18346-18346-day-date-36-platinum-silver-diamond-dial-71257,2026-09-30
Rolex,Rolex 18206 Day-Date Platinum Silver Roman Dial,18206,Platino,,39900,USD,Used,71367,https://www.europeanwatch.com/watch/rolex-18206-18206-day-date-platinum-silver-roman-dial-71367,2026-09-30
Rolex,Rolex 5508 Submariner SS Glossy Black Gilt Dial Circa. 1959,5508,Acero,1959.0,39900,USD,Used,69229,https://www.europeanwatch.com/watch/rolex-5508-5508-submariner-ss-glossy-black-gilt-dial-circa-1959-69229,2026-09-30
Rolex,Rolex 116138 Datejust 36 18K Yellow Gold White Roman Dial Circa. 2005,116138,Oro amarillo,2005.0,16900,USD,Used,69077,https://www.europeanwatch.com/watch/rolex-116138-116138-datejust-36-18k-yellow-gold-white-roman-dial-69077,2026-09-30
Rolex,Rolex 126711CHNR GMT-Master II SS / 18K Everose Gold Black Dial 2026,126711CHNR,Oro rosa,2026.0,22900,USD,Used,72058,https://www.europeanwatch.com/watch/rolex-126711chnr-126711chnr-gmt-master-ii-ss-18k-everose-gold-bla-72058,2026-09-30
Rolex,Rolex 126713GRNR GMT Master II SS / 18K YG Black Dial,126713GRNR,Oro amarillo,,22900,USD,Used,72108,https://www.europeanwatch.com/watch/rolex-126713grnr-126713grnr-gmt-master-ii-ss-18k-yg-black-dial-72108,2026-09-30
Rolex,Rolex 116518 Daytona 18K Yellow Gold White Arabic Dial,116518,Oro amarillo,,32900,USD,Used,71370,https://www.europeanwatch.com/watch/rolex-116518-116518-daytona-18k-yellow-gold-white-arabic-dial-71370,2026-09-30
Rolex,Rolex 126710BLRO GMT-Master II Pepsi Bezel SS Black Dial,126710BLRO,Acero,,25500,USD,Used,71289,https://www.europeanwatch.com/watch/rolex-126710blro-126710blro-gmt-master-ii-pepsi-bezel-ss-black-di-71289,2026-09-30
Rolex,Rolex 326939 Sky Dweller 18K White Gold Silver Roman Dial,326939,Oro blanco,,35900,USD,Used,71790,https://www.europeanwatch.com/watch/rolex-326939-326939-sky-dweller-18k-white-gold-silver-roman-dial-71790,2026-09-30
Rolex,Rolex 116203 Datejust 36 18K YG / SS Gray Roman Dial,116203,Oro amarillo,,9900,USD,Used,68758,https://www.europeanwatch.com/watch/rolex-116203-116203-datejust-36-18k-yg-ss-gray-roman-dial-68758,2026-09-30
Rolex,Rolex 276200 Oyster Perpetual 28MM SS Blue Dial,276200,Acero,,6980,USD,Used,66742,https://www.europeanwatch.com/watch/rolex-276200-276200-oyster-perpetual-28mm-ss-blue-dial-66742,2026-09-30
Rolex,Rolex 126519LN Daytona Ceramic 18K White Gold Black Dial 2026,126519LN,Oro blanco,2026.0,53500,USD,Used,71371,https://www.europeanwatch.com/watch/rolex-126519ln-126519ln-daytona-ceramic-18k-white-gold-black-dial-71371,2026-09-30
Rolex,Rolex 228206 Day Date 40 Platinum Black Baguette Diamond Dial,228206,Platino,,59500,USD,Used,71209,https://www.europeanwatch.com/watch/rolex-228206-228206-day-date-40-platinum-black-baguette-diamond-d-71209,2026-09-30
Rolex,Rolex 5512 Submariner SS Matte Black Dial Circa. 1971,5512,Acero,1971.0,20100,USD,Used,69267,https://www.europeanwatch.com/watch/rolex-5512-5512-submariner-ss-matte-black-dial-circa-1971-69267,2026-09-30
Rolex,Rolex 1625 Datejust Turn-O-Graph 18K Yellow Gold Champagne Dial Circa. 1970,1625,Oro amarillo,1970.0,23600,USD,Used,66767,https://www.europeanwatch.com/watch/rolex-1625-1625-datejust-turn-o-graph-18k-yellow-gold-champagne-d-66767,2026-09-30
Rolex,Rolex 116505 Daytona 18K Rose Gold Brown Chocolate Dial,116505,Oro rosa,,49900,USD,Used,66293,https://www.europeanwatch.com/watch/rolex-116505-116505-daytona-18k-rose-gold-brown-chocolate-dial-66293,2026-09-30
Rolex,Rolex 128348RBR Day Date 36MM Diamonds 18K Yellow Gold Green Dial,128348RBR,Oro amarillo,,62500,USD,Used,66415,https://www.europeanwatch.com/watch/rolex-128348rbr-128348rbr-day-date-36mm-diamonds-18k-yellow-gold-66415,2026-09-30
Rolex,Rolex 6605 Datejust 18K Yellow Gold White Dial Circa. 1956,6605,Oro amarillo,1956.0,39900,USD,Used,66790,https://www.europeanwatch.com/watch/rolex-6605-6605-datejust-18k-yellow-gold-white-dial-circa-1956-66790,2026-09-30
Rolex,Rolex 18308 Day-Date Bark Finish 18K YG Ferrite Roman Dial Circa. 1989 RARE,18308,Oro amarillo,1989.0,46700,USD,Used,66761,https://www.europeanwatch.com/watch/rolex-18308-18308-day-date-bark-finish-18k-yg-ferrite-roman-dial-66761,2026-09-30
Rolex,Rolex 1803 Day Date 18K Yellow Gold Oxblood Stella Dial RARE Circa. 1971,1803,Oro amarillo,1971.0,54100,USD,Used,66787,https://www.europeanwatch.com/watch/rolex-1803-1803-day-date-18k-yellow-gold-oxblood-stella-dial-rare-66787,2026-09-30
Rolex,"Rolex 118206 Day Date 36mm Platinum ""Glacier"" Baguette Diamond Dial",118206,Platino,,39900,USD,Used,67338,https://www.europeanwatch.com/watch/rolex-118206-118206-day-date-36mm-platinum-glacier-baguette-diamo-67338,2026-09-30
Patek Philippe,Patek Philippe 5127G-010 Calatrava 18K White Gold Ivory Dial,5127G-010,Oro blanco,,26550,USD,Used,71054,https://www.europeanwatch.com/watch/patek-philippe-5127g-010-5127g-010-calatrava-18k-white-gold-ivory-71054,2026-09-30
Patek Philippe,Patek Philippe 5022R Calatrava Officer 18K Rose Gold White Dial,5022R,Oro rosa,,21900,USD,Used,72578,https://www.europeanwatch.com/watch/patek-philippe-5022r-000-5022r-calatrava-officer-18k-rose-gold-wh-72578,2026-09-30
Patek Philippe,Patek Philippe 5196J Calatrava Manual Wind 18K Yellow Gold Silver Dial,5196J,Oro amarillo,,23500,USD,Used,72562,https://www.europeanwatch.com/watch/patek-philippe-5196j-001-5196j-calatrava-manual-wind-18k-yellow-g-72562,2026-09-30
Patek Philippe,Patek Philippe 3579 Calatrava SS Silver Dial,3579,Acero,,18350,USD,Used,66519,https://www.europeanwatch.com/watch/patek-philippe-3579-3579-calatrava-ss-silver-dial-66519,2026-09-30
Patek Philippe,Patek Philippe 5024J Gondolo 18K Yellow Gold White Dial,5024J,Oro amarillo,,17050,USD,Used,68496,https://www.europeanwatch.com/watch/patek-philippe-5024j-001-5024j-gondolo-18k-yellow-gold-white-dial-68496,2026-09-30
Patek Philippe,Patek Philippe 3940J Perpetual Calendar 18K Yellow Gold Silver Dial,3940J,Oro amarillo,,105750,USD,Used,71467,https://www.europeanwatch.com/watch/patek-philippe-3940j-3940j-perpetual-calendar-18k-yellow-gold-sil-71467,2026-09-30
Patek Philippe,Patek Philippe 5139G-001 Perpetual Calendar 18K White Gold Silver Dial,5139G-001,Oro blanco,,49500,USD,Used,72225,https://www.europeanwatch.com/watch/patek-philippe-5139g-001-5139g-001-perpetual-calendar-18k-white-g-72225,2026-09-30
Patek Philippe,Patek Philippe 5134P Calatrava Travel Time Platinum Silver Dial,5134P,Platino,,37500,USD,Used,72328,https://www.europeanwatch.com/watch/patek-philippe-5134p-001-5134p-calatrava-travel-time-platinum-sil-72328,2026-09-30
Patek Philippe,Patek Philippe 5212A Calatrava Weekly Calendar SS Silver Dial,5212A,Acero,,37500,USD,Used,71597,https://www.europeanwatch.com/watch/patek-philippe-5212a-001-5212a-calatrava-weekly-calendar-ss-silve-71597,2026-09-30
Patek Philippe,Patek Philippe 5924G Calatrava Pilot Travel Time Chronograph 18K White Gold Blue Dial,5924G,Oro blanco,,59500,USD,Used,71741,https://www.europeanwatch.com/watch/patek-philippe-5924g-001-5924g-calatrava-pilot-travel-time-chrono-71741,2026-09-30
Patek Philippe,Patek Philippe 5712/1A Nautilus SS Blue Dial,5712/1A,Acero,,142500,USD,Used,72082,https://www.europeanwatch.com/watch/patek-philippe-5712-1a-001-5712-1a-nautilus-ss-blue-dial-72082,2026-09-30
Patek Philippe,Patek Philippe 5004P Perpetual Calendar Split Seconds Platinum Black Diamond Dial RARE,5004P,Platino,,455000,USD,Used,67925,https://www.europeanwatch.com/watch/patek-philippe-5004p-033-5004p-perpetual-calendar-split-seconds-p-67925,2026-09-30
Patek Philippe,Patek Philippe 5297G-001 Calatrava 18K White Gold Black Dial,5297G-001,Oro blanco,,25750,USD,Used,69887,https://www.europeanwatch.com/watch/patek-philippe-5297g-001-5297g-001-calatrava-18k-white-gold-black-69887,2026-09-30
Patek Philippe,Patek Philippe 2526J Vintage Calatrava 18K Yellow Gold Enamel Dial,2526J,Oro amarillo,,79050,USD,Used,70266,https://www.europeanwatch.com/watch/patek-philippe-2526j-2526j-vintage-calatrava-18k-yellow-gold-enam-70266,2026-09-30
Patek Philippe,Patek Philippe 4897/300G Calatrava 18K White Gold Blue Guilloche Dial,4897/300G,Oro blanco,,25250,USD,Used,70317,https://www.europeanwatch.com/watch/patek-philippe-4897-300g-001-4897-300g-calatrava-18k-white-gold-b-70317,2026-09-30
Patek Philippe,Patek Philippe 3796D Calatrava 18K Yellow Gold White Dial,3796D,Oro amarillo,,15900,USD,Used,72500,https://www.europeanwatch.com/watch/patek-philippe-3796d-3796d-calatrava-18k-yellow-gold-white-dial-72500,2026-09-30
Patek Philippe,Patek Philippe 5134J-011 Calatrava Travel Time 18K Yellow Gold Silver Dial,5134J-011,Oro amarillo,,31900,USD,Used,72545,https://www.europeanwatch.com/watch/patek-philippe-5134j-011-5134j-011-calatrava-travel-time-18k-yell-72545,2026-09-30
Patek Philippe,Patek Philippe 5146J-001 Annual Calendar 18K Yellow Gold Cream Dial,5146J-001,Oro amarillo,,35900,USD,Used,72382,https://www.europeanwatch.com/watch/patek-philippe-5146j-001-5146j-001-annual-calendar-18k-yellow-gol-72382,2026-09-30
Patek Philippe,Patek Philippe 5196P Calatrava Platinum Silver Dial,5196P,Platino,,42500,USD,Used,72486,https://www.europeanwatch.com/watch/patek-philippe-5196p-001-5196p-calatrava-platinum-silver-dial-72486,2026-09-30
Patek Philippe,Patek Philippe 3796R Calatrava 18K Rose Gold Silver Dial,3796R,Oro rosa,,21450,USD,Used,70154,https://www.europeanwatch.com/watch/patek-philippe-3796r-3796r-calatrava-18k-rose-gold-silver-dial-70154,2026-09-30
Patek Philippe,Patek Philippe 5990 Nautilus Travel Time Chronograph SS Blue Dial 2025,5990,Acero,2025.0,159900,USD,Used,71980,https://www.europeanwatch.com/watch/patek-philippe-5990-1a-011-5990-nautilus-travel-time-chronograph-71980,2026-09-30
Patek Philippe,Patek Philippe 5205R Annual Calendar 18K Rose Gold Green Dial,5205R,Oro rosa,,55900,USD,Used,72436,https://www.europeanwatch.com/watch/patek-philippe-5205r-011-5205r-annual-calendar-18k-rose-gold-gree-72436,2026-09-30
Patek Philippe,Patek Philippe 5726/1A Nautilus Annual Calendar SS Blue Dial,5726/1A,Acero,,135000,USD,Used,71979,https://www.europeanwatch.com/watch/patek-philippe-5726-1a-014-5726-1a-nautilus-annual-calendar-ss-bl-71979,2026-09-30
Patek Philippe,Patek Philippe 5070G Chronograph 18K White Gold Silver Dial,5070G,Oro blanco,,69500,USD,Used,72439,https://www.europeanwatch.com/watch/patek-philippe-5070g-001-5070g-chronograph-18k-white-gold-silver-72439,2026-09-30
Patek Philippe,Patek Philippe 5167A Aquanaut SS Black Dial,5167A,Acero,,79500,USD,Used,69791,https://www.europeanwatch.com/watch/patek-philippe-5167-a-001-5167a-aquanaut-ss-black-dial-69791,2026-09-30
Patek Philippe,Patek Philippe 6159G Retrograde Perpetual Calendar 18K White Gold Black Dial 2026,6159G,Oro blanco,2026.0,129900,USD,Used,72525,https://www.europeanwatch.com/watch/patek-philippe-6159g-001-6159g-retrograde-perpetual-calendar-18k-72525,2026-09-30
Patek Philippe,Patek Philippe 3802 Calatrava 18K Yellow Gold White Dial,3802,Oro amarillo,,17900,USD,Used,72196,https://www.europeanwatch.com/watch/patek-philippe-3802-200-3802-calatrava-18k-yellow-gold-white-dial-72196,2026-09-30
Patek Philippe,Patek Philippe 3468J Vintage Calatrava 18K Yellow Gold Silver Dial,3468J,Oro amarillo,,11750,USD,Used,69765,https://www.europeanwatch.com/watch/patek-philippe-3468j-3468j-vintage-calatrava-18k-yellow-gold-silv-69765,2026-09-30
Patek Philippe,Patek Philippe 5170G Manual Wind Chronograph 18K White Gold Black Dial,5170G,Oro blanco,,69900,USD,Used,72189,https://www.europeanwatch.com/watch/patek-philippe-5170g-010-5170g-manual-wind-chronograph-18k-white-72189,2026-09-30
Patek Philippe,"Patek Philippe 5524G Calatrava Pilot Travel Time ""Tiffany & Co"" 18K WG Blue Dial",5524G,Oro blanco,,62500,USD,Used,72664,https://www.europeanwatch.com/watch/patek-philippe-5524g-001-tiffany-5524g-calatrava-pilot-travel-tim-72664,2026-09-30
Patek Philippe,Patek Philippe 5905P Annual Calendar Chronograph Platinum Black Dial,5905P,Platino,,62500,USD,Used,72076,https://www.europeanwatch.com/watch/patek-philippe-5905p-010-5905p-annual-calendar-chronograph-platin-72076,2026-09-30
Patek Philippe,Patek Philippe 7119/1G Calatrava 18K White Gold White Dial,7119/1G,Oro blanco,,23500,USD,Used,71440,https://www.europeanwatch.com/watch/patek-philippe-7119-1g-010-7119-1g-calatrava-18k-white-gold-white-71440,2026-09-30
Patek Philippe,Patek Philippe 5109G-001 Gondolo 18K White Gold Gray Dial,5109G-001,Oro blanco,,19950,USD,Used,71402,https://www.europeanwatch.com/watch/patek-philippe-5109g-001-5109g-001-gondolo-18k-white-gold-gray-di-71402,2026-09-30
Patek Philippe,Patek Philippe 5205R Annual Calendar 18K Rose Gold Black Dial,5205R,Oro rosa,,49500,USD,Used,72173,https://www.europeanwatch.com/watch/patek-philippe-5205r-010-5205r-annual-calendar-18k-rose-gold-blac-72173,2026-09-30
Patek Philippe,Patek Philippe 5205G Annual Calendar 18K White Gold Blue Gradient Dial,5205G,Oro blanco,,46500,USD,Used,72375,https://www.europeanwatch.com/watch/patek-philippe-5205g-013-5205g-annual-calendar-18k-white-gold-blu-72375,2026-09-30
Patek Philippe,Patek Philippe 5134G Travel Time Calatrava 18K White Gold White Dial,5134G,Oro blanco,,23500,USD,Used,71517,https://www.europeanwatch.com/watch/patek-philippe-5134g-5134g-travel-time-calatrava-18k-white-gold-w-71517,2026-09-30
Patek Philippe,Patek Philippe 5226G Calatrava 18K White Gold Charcoal Gray Textured Dial,5226G,Oro blanco,,42500,USD,Used,72574,https://www.europeanwatch.com/watch/patek-philippe-5226g-001-5226g-calatrava-18k-white-gold-charcoal-72574,2026-09-30
Patek Philippe,Patek Philippe 5212A Calatrava Weekly Calendar SS Silver Dial 2025,5212A,Acero,2025.0,38500,USD,Used,71401,https://www.europeanwatch.com/watch/patek-philippe-5212a-001-5212a-calatrava-weekly-calendar-ss-silve-71401,2026-09-30
Patek Philippe,Patek Philippe 5146R Annual Calendar Moonphase 18K Rose Gold Cream Dial,5146R,Oro rosa,,43500,USD,Used,72322,https://www.europeanwatch.com/watch/patek-philippe-5146r-001-5146r-annual-calendar-moonphase-18k-rose-72322,2026-09-30
Patek Philippe,Patek Philippe 5054J Calatrava 18K Yellow Gold White Dial,5054J,Oro amarillo,,29900,USD,Used,71729,https://www.europeanwatch.com/watch/patek-philippe-5054j-5054j-calatrava-18k-yellow-gold-white-dial-71729,2026-09-30
Patek Philippe,Patek Philippe 3919G Calatrava 18K White Gold White Dial,3919G,Oro blanco,,15600,USD,Used,71731,https://www.europeanwatch.com/watch/patek-philippe-3919g-001-3919g-calatrava-18k-white-gold-white-dia-71731,2026-09-30
Patek Philippe,Patek Philippe 3998J-001 Calatrava 18K Yellow Gold Silver Dial,3998J-001,Oro amarillo,,23950,USD,Used,70770,https://www.europeanwatch.com/watch/patek-philippe-3998j-001-3998j-001-calatrava-18k-yellow-gold-silv-70770,2026-09-30
Patek Philippe,"Patek Philippe World Time Date ""Tokyo Edition"" 18K White Gold Purple Dial",,Oro blanco,,105750,USD,Used,69323,https://www.europeanwatch.com/watch/patek-philippe-5330g-010-world-time-date-tokyo-edition-18k-white-69323,2026-09-30
Patek Philippe,Patek Philippe 5059J Officer Case Retrograde Perpetual Calendar 18K Yellow Gold,5059J,Oro amarillo,,43690,USD,Used,70956,https://www.europeanwatch.com/watch/patek-philippe-5059j-001-5059j-officer-case-retrograde-perpetual-70956,2026-09-30
Patek Philippe,Patek Philippe 5000R-001 Calatrava 18K Rose Gold Pink Sunburst Dial,5000R-001,Oro rosa,,30890,USD,Used,68253,https://www.europeanwatch.com/watch/patek-philippe-5000r-001-5000r-001-calatrava-18k-rose-gold-pink-s-68253,2026-09-30
Patek Philippe,Patek Philippe 5024J Gondolo 18K Yellow Gold White Dial,5024J,Oro amarillo,,16650,USD,Used,68819,https://www.europeanwatch.com/watch/patek-philippe-5024j-001-5024j-gondolo-18k-yellow-gold-white-dial-68819,2026-09-30
Patek Philippe,Patek Philippe 3250 Calatrava White Roman Dial,3250,Otro,,16190,USD,Used,70861,https://www.europeanwatch.com/watch/patek-philippe-3520d-3250-calatrava-white-roman-dial-70861,2026-09-30
Patek Philippe,Patek Philippe 4972/1G-001 Gondolo Serata 18K White Gold Mother of Pearl Dial,4972/1G-001,Oro blanco,,33900,USD,Used,72332,https://www.europeanwatch.com/watch/patek-philippe-4972-1g-001-4972-1g-001-gondolo-serata-18k-white-g-72332,2026-09-30
Patek Philippe,Patek Philippe 3796R Calatrava 18K Rose Gold Silver Dial,3796R,Oro rosa,,26500,USD,Used,70595,https://www.europeanwatch.com/watch/patek-philippe-3796r-3796r-calatrava-18k-rose-gold-silver-dial-70595,2026-09-30
Patek Philippe,"Patek Philippe 3448 Perpetual Calendar ""Disco Volante"" Yellow Gold Circa. 1976",3448,Oro amarillo,1976.0,265000,USD,Used,72136,https://www.europeanwatch.com/watch/patek-philippe-3448-3448-perpetual-calendar-disco-volante-yellow-72136,2026-09-30
Patek Philippe,"Patek Philippe 5810/1G Nautilus ""50th Anniversary"" 18K WG Blue Dial 2026 LIMITED UNWORN",5810/1G,Oro blanco,2026.0,359000,USD,Used,72126,https://www.europeanwatch.com/watch/patek-philippe-5810-1g-001-5810-1g-nautilus-50th-anniversary-18k-72126,2026-09-30
Patek Philippe,Patek Philippe 3712/1A Nautilus SS Blue Dial SEALED UNWORN,3712/1A,Acero,,185000,USD,Used,72186,https://www.europeanwatch.com/watch/patek-philippe-3712-1a-001-3712-1a-nautilus-ss-blue-dial-sealed-u-72186,2026-09-30
Patek Philippe,Patek Philippe 3940J Perpetual Calendar 18K Yellow Gold Silver Dial,3940J,Oro amarillo,,96500,USD,Used,71846,https://www.europeanwatch.com/watch/patek-philippe-3940j-3940j-perpetual-calendar-18k-yellow-gold-sil-71846,2026-09-30
Patek Philippe,Patek Philippe 5524G Calatrava Pilot Travel Time 18K White Gold Blue Dial,5524G,Oro blanco,,39500,USD,Used,72300,https://www.europeanwatch.com/watch/patek-philippe-5524g-001-5524g-calatrava-pilot-travel-time-18k-wh-72300,2026-09-30
Patek Philippe,Patek Philippe 7234R Calatrava Pilot Travel Time 18K Rose Gold Brown Dial,7234R,Oro rosa,,37500,USD,Used,68716,https://www.europeanwatch.com/watch/patek-philippe-7234r-001-7234r-calatrava-pilot-travel-time-18k-ro-68716,2026-09-30
Patek Philippe,Patek Philippe 3945/001 Perpetual Calendar 18K Yellow Gold DORE Dial RARE,3945/001,Oro amarillo,,295000,USD,Used,67375,https://www.europeanwatch.com/watch/patek-philippe-3945-001-3945-001-perpetual-calendar-18k-yellow-go-67375,2026-09-30
Patek Philippe,"Patek Philippe 3448 Perpetual Calendar ""Disco Volante"" 18K Yellow Gold Circa. 1968",3448,Oro amarillo,1968.0,225000,USD,Used,66994,https://www.europeanwatch.com/watch/patek-philippe-3448-3448-perpetual-calendar-disco-volante-18k-yel-66994,2026-09-30
Patek Philippe,Patek Philippe 5035J Annual Calendar 18K Yellow Gold Silver Dial,5035J,Oro amarillo,,33900,USD,Used,71876,https://www.europeanwatch.com/watch/patek-philippe-5035j-001-5035j-annual-calendar-18k-yellow-gold-si-71876,2026-09-30
Patek Philippe,Patek Philippe 5326G Annual Calendar Travel Time 18K White Gold Gray Dial,5326G,Oro blanco,,73500,USD,Used,71919,https://www.europeanwatch.com/watch/patek-philippe-5326g-001-5326g-annual-calendar-travel-time-18k-wh-71919,2026-09-30
Patek Philippe,Patek Philippe 5140P Perpetual Calendar Platinum Charcoal Gray Dial RARE,5140P,Platino,,85000,USD,Used,71982,https://www.europeanwatch.com/watch/patek-philippe-5140p-017-5140p-perpetual-calendar-platinum-charco-71982,2026-09-30
Patek Philippe,Patek Philippe 5146/1J Annual Calendar 18K Yellow Gold Cream Dial,5146/1J,Oro amarillo,,48500,USD,Used,70329,https://www.europeanwatch.com/watch/patek-philippe-5146-1j-001-5146-1j-annual-calendar-18k-yellow-gol-70329,2026-09-30
Patek Philippe,Patek Philippe 5110R World Time 18K Rose Gold Silver Dial,5110R,Oro rosa,,46500,USD,Used,72103,https://www.europeanwatch.com/watch/patek-philippe-5110r-001-5110r-world-time-18k-rose-gold-silver-di-72103,2026-09-30
Patek Philippe,Patek Philippe 4948R Annual Calendar Moon Phases 18K Rose Gold Mother of Pearl Dial,4948R,Oro rosa,,73500,USD,Used,72334,https://www.europeanwatch.com/watch/patek-philippe-4948r-001-4948r-annual-calendar-moon-phases-18k-ro-72334,2026-09-30
Patek Philippe,Patek Philippe 5035J Annual Calendar 18K Yellow Gold Silver Dial,5035J,Oro amarillo,,29900,USD,Used,71273,https://www.europeanwatch.com/watch/patek-philippe-5035j-001-5035j-annual-calendar-18k-yellow-gold-si-71273,2026-09-30
Patek Philippe,"Patek Philippe 770 Pocket Watch ""Gubelin"" 18K Yellow Gold Silver Dial",770,Oro amarillo,,11150,USD,Used,69655,https://www.europeanwatch.com/watch/patek-philippe-770-770-pocket-watch-gubelin-18k-yellow-gold-silve-69655,2026-09-30
Patek Philippe,Patek Philippe 5980 Nautilus Chronograph SS Blue Dial,5980,Acero,,118000,USD,Used,70437,https://www.europeanwatch.com/watch/patek-philippe-5980-1a-001-5980-nautilus-chronograph-ss-blue-dial-70437,2026-09-30
Patek Philippe,Patek Philippe 5108G Calatrava 18K White Gold Diamond Bezel Black Diamond Dial,5108G,Oro blanco,,28690,USD,Used,69900,https://www.europeanwatch.com/watch/patek-philippe-5108g-010-5108g-calatrava-18k-white-gold-diamond-b-69900,2026-09-30
Patek Philippe,Patek Philippe 5146R Annual Calendar Moonphase 18K Rose Gold Cream Dial,5146R,Oro rosa,,39500,USD,Used,71669,https://www.europeanwatch.com/watch/patek-philippe-5146r-001-5146r-annual-calendar-moonphase-18k-rose-71669,2026-09-30
Patek Philippe,Patek Philippe 7130R World Time 18K Rose Gold Diamonds Green Dial,7130R,Oro rosa,,44900,USD,Used,71656,https://www.europeanwatch.com/watch/patek-philippe-7130r-014-7130r-world-time-18k-rose-gold-diamonds-71656,2026-09-30
Patek Philippe,Patek Philippe 5035P-024 Annual Calendar Platinum Silver Dial,5035P-024,Platino,,37900,USD,Used,71783,https://www.europeanwatch.com/watch/patek-philippe-5035p-024-5035p-024-annual-calendar-platinum-silve-71783,2026-09-30
Patek Philippe,"Patek Philippe 5013R Minute Repeater Perpetual Calendar ""SPECIAL ORDER""",5013R,Otro,,699000,USD,Used,67974,https://www.europeanwatch.com/watch/patek-philippe-5013r-001-5013r-minute-repeater-perpetual-calendar-67974,2026-09-30
Patek Philippe,Patek Philippe 5101J-001 Gondolo 10 Day Tourbillon 18K Yellow Gold Silver Dial,5101J-001,Oro amarillo,,159000,USD,Used,68943,https://www.europeanwatch.com/watch/patek-philippe-5101j-001-5101j-001-gondolo-10-day-tourbillon-18k-68943,2026-09-30
Patek Philippe,Patek Philippe 5020P Perpetual Calendar Chronograph Platinum Black Diamond Dial RARE,5020P,Platino,,375000,USD,Used,68713,https://www.europeanwatch.com/watch/patek-philippe-5020p-5020p-perpetual-calendar-chronograph-platinu-68713,2026-09-30
Patek Philippe,Patek Philippe 3548 Ellipse 18K Yellow Gold Champagne Dial,3548,Oro amarillo,,23600,USD,Used,67980,https://www.europeanwatch.com/watch/patek-philippe-3548-3548-ellipse-18k-yellow-gold-champagne-dial-67980,2026-09-30
Patek Philippe,Patek Philippe 3940G-013 Perpetual Calendar 18K White Gold Silver Dial FACTORY SEALED,3940G-013,Oro blanco,,175000,USD,Used,69061,https://www.europeanwatch.com/watch/patek-philippe-3940g-013-3940g-013-perpetual-calendar-18k-white-g-69061,2026-09-30
Patek Philippe,Patek Philippe Perpetual Calendar 3940J 18K Yellow Gold Silver Dial FIRST SERIES,,Oro amarillo,,209000,USD,Used,67224,https://www.europeanwatch.com/watch/patek-philippe-3940j-perpetual-calendar-3940j-18k-yellow-gold-sil-67224,2026-09-30
Patek Philippe,"Patek Philippe 7300/1200A-010 Twenty~4 ""Tiffany & Co."" SS Diamond Bezel Gray Dial",7300/1200A-010,Acero,,38200,USD,Used,67034,https://www.europeanwatch.com/watch/patek-philippe-7300-1200a-010-7300-1200a-010-twenty4-tiffany-and-67034,2026-09-30
Audemars Piguet,Audemars Piguet 15093BC Jules Audemars Extra-Thin 18K White Gold Gray Dial,15093BC,Oro blanco,,10250,USD,Used,71862,https://www.europeanwatch.com/watch/audemars-piguet-15093bcooa002cr01-15093bc-jules-audemars-extra-th-71862,2026-09-30
Audemars Piguet,Audemars Piguet 15120BC Jules Audemars Automatic 18K White Gold White Dial,15120BC,Oro blanco,,19850,USD,Used,70201,https://www.europeanwatch.com/watch/audemars-piguet-15120bcooa002cr01-15120bc-jules-audemars-automati-70201,2026-09-30
Audemars Piguet,Audemars Piguet 25822ST Millenary Chronograph SS White Dial,25822ST,Acero,,15050,USD,Used,70630,https://www.europeanwatch.com/watch/audemars-piguet-25822sto0001cr01-25822st-millenary-chronograph-ss-70630,2026-09-30
Audemars Piguet,Audemars Piguet 25859BA Jules Audemars Chronograph 18K Yellow Gold Black Dial,25859BA,Oro amarillo,,22450,USD,Used,70598,https://www.europeanwatch.com/watch/audemars-piguet-25859ba-25859ba-jules-audemars-chronograph-18k-ye-70598,2026-09-30
Audemars Piguet,Audemars Piguet 26393QT Code 11:59 Chronograph SS Smoked Beige Dial,26393QT,Acero,,29900,USD,Used,72560,https://www.europeanwatch.com/watch/audemars-piguet-26393qtooa064kb01-26393qt-code-1159-chronograph-s-72560,2026-09-30
Audemars Piguet,Audemars Piguet 14790ST Royal Oak SS White Dial,14790ST,Acero,,40750,USD,Used,68105,https://www.europeanwatch.com/watch/audemars-piguet-14790sto0789st01-14790st-royal-oak-ss-white-dial-68105,2026-09-30
Audemars Piguet,Audemars Piguet 15510ST Royal Oak SS Black Dial,15510ST,Acero,,48500,USD,Used,72579,https://www.europeanwatch.com/watch/audemars-piguet-15510stoo1320st07-15510st-royal-oak-ss-black-dial-72579,2026-09-30
Audemars Piguet,Audemars Piguet 15500ST Royal Oak 41MM SS Black Dial,15500ST,Acero,,43500,USD,Used,72619,https://www.europeanwatch.com/watch/audemars-piguet-15500stoo1220st03-15500st-royal-oak-41mm-ss-black-72619,2026-09-30
Audemars Piguet,Audemars Piguet 26405CE Royal Oak Offshore Blue Ceramic Smoked Blue Dial,26405CE,Cerámica,,38500,USD,Used,72636,https://www.europeanwatch.com/watch/audemars-piguet-26405ceooa030ca01a-26405ce-royal-oak-offshore-blu-72636,2026-09-30
Audemars Piguet,Audemars Piguet 26674ST Royal Oak Perpetual Calendar SS Blue Dial,26674ST,Acero,,169000,USD,Used,72075,https://www.europeanwatch.com/watch/audemars-piguet-26674stoo1320st01-26674st-royal-oak-perpetual-cal-72075,2026-09-30
Audemars Piguet,Audemars Piguet 26574ST Royal Oak Perpetual Calendar SS Silver Dial,26574ST,Acero,,112500,USD,Used,71255,https://www.europeanwatch.com/watch/audemars-piguet-26574stoo1220st01-26574st-royal-oak-perpetual-cal-71255,2026-09-30
Audemars Piguet,Audemars Piguet 5402ST Royal Oak Vintage 'A SERIES' SS Black Dial RARE,5402ST,Acero,,79500,USD,Used,62681,https://www.europeanwatch.com/watch/audemars-piguet-5402st-5402st-royal-oak-vintage-a-series-ss-black-62681,2026-09-30
Audemars Piguet,Audemars Piguet 25897ST Millenary Chronograph SS White Dial,25897ST,Acero,,13900,USD,Used,72224,https://www.europeanwatch.com/watch/audemars-piguet-25897stoo1136st01-25897st-millenary-chronograph-s-72224,2026-09-30
Audemars Piguet,Audemars Piguet 14790BA Royal Oak 18K Yellow Gold White Dial,14790BA,Oro amarillo,,62500,USD,Used,71441,https://www.europeanwatch.com/watch/audemars-piguet-14790baoo0789ba07-14790ba-royal-oak-18k-yellow-go-71441,2026-09-30
Audemars Piguet,"Audemars Piguet 26470IO Royal Oak Offshore ""Ghost"" Titanium Gray Dial",26470IO,Titanio,,28900,USD,Used,72489,https://www.europeanwatch.com/watch/audemars-piguet-26470ioooa006ca01-26470io-royal-oak-offshore-ghos-72489,2026-09-30
Audemars Piguet,Audemars Piguet 25979ST Royal Oak Chronograph City of Sails SS Gray Dial,25979ST,Acero,,30890,USD,Used,68013,https://www.europeanwatch.com/watch/audemars-piguet-25979stood002ca01-25979st-royal-oak-chronograph-c-68013,2026-09-30
Audemars Piguet,Audemars Piguet 6009SA Royal Oak Rectangular Quartz SS / 18K YG Champagne Dial,6009SA,Oro amarillo,,15150,USD,Used,71281,https://www.europeanwatch.com/watch/audemars-piguet-6009sa-6009sa-royal-oak-rectangular-quartz-ss-18k-71281,2026-09-30
Audemars Piguet,Audemars Piguet 26715ST Royal Oak Chronograph SS Gray Dial,26715ST,Acero,,46050,USD,Used,71103,https://www.europeanwatch.com/watch/audemars-piguet-26715stoo1356st02-26715st-royal-oak-chronograph-s-71103,2026-09-30
Audemars Piguet,Audemars Piguet 26420RO Royal Oak Offshore Chronograph 18K Rose Gold Black Dial,26420RO,Oro rosa,,46450,USD,Used,70441,https://www.europeanwatch.com/watch/audemars-piguet-26420roooa002ca01-26420ro-royal-oak-offshore-chro-70441,2026-09-30
Audemars Piguet,Audemars Piguet 15210ST Code 11.59 SS Gray Dial,15210ST,Acero,,23650,USD,Used,71305,https://www.europeanwatch.com/watch/audemars-piguet-15210stooa009kb01-15210st-code-1159-ss-gray-dial-71305,2026-09-30
Audemars Piguet,Audemars Piguet 26120ST Royal Oak Dual Time SS Black Dial,26120ST,Acero,,41050,USD,Used,69084,https://www.europeanwatch.com/watch/audemars-piguet-26120stoo1220st03-26120st-royal-oak-dual-time-ss-69084,2026-09-30
Audemars Piguet,Audemars Piguet 26470ST Royal Oak Offshore Chronograph SS Black Dial,26470ST,Acero,,23900,USD,Used,72059,https://www.europeanwatch.com/watch/audemars-piguet-26470stooa028cr01-26470st-royal-oak-offshore-chro-72059,2026-09-30
Audemars Piguet,Audemars Piguet 26283ST Royal Oak Offshore Lady Chronograph SS Silver Dial,26283ST,Acero,,27500,USD,Used,71907,https://www.europeanwatch.com/watch/audemars-piguet-26283stood010ca01-26283st-royal-oak-offshore-lady-71907,2026-09-30
Audemars Piguet,Audemars Piguet Royal Oak Offshore  18K Rose Gold Ivory Dial,,Oro rosa,,54500,USD,Used,71897,https://www.europeanwatch.com/watch/audemars-piguet-77605okooa101ca01-royal-oak-offshore-18k-rose-gol-71897,2026-09-30
Audemars Piguet,Audemars Piguet 15400ST Royal Oak SS Blue Dial SEALED UNWORN,15400ST,Acero,,59000,USD,Used,72146,https://www.europeanwatch.com/watch/audemars-piguet-15400stoo1220st03-15400st-royal-oak-ss-blue-dial-72146,2026-09-30
Audemars Piguet,Audemars Piguet 15016ST Millenary Date SS Black Military Dial,15016ST,Acero,,7300,USD,Used,71558,https://www.europeanwatch.com/watch/audemars-piguet-15016stood080vs01-15016st-millenary-date-ss-black-71558,2026-09-30
Audemars Piguet,Audemars Piguet Vintage 25548PT Quantieme Perpetuel Platinum Silver Dial,,Platino,,99500,USD,Used,71970,https://www.europeanwatch.com/watch/audemars-piguet-25548pt-vintage-25548pt-quantieme-perpetuel-plati-71970,2026-09-30
Audemars Piguet,Audemars Piguet 26170ST Royal Oak Offshore Chronograph SS Silver Dial,26170ST,Acero,,20900,USD,Used,69525,https://www.europeanwatch.com/watch/audemars-piguet-26170stood101cr02-26170st-royal-oak-offshore-chro-69525,2026-09-30
Audemars Piguet,Audemars Piguet 25807ST Royal Oak Offshore Triple Date SS Black Dial,25807ST,Acero,,36500,USD,Used,72085,https://www.europeanwatch.com/watch/audemars-piguet-25807stoo1010st01-25807st-royal-oak-offshore-trip-72085,2026-09-30
Audemars Piguet,Audemars Piguet 26186SN Royal Oak Offshore Las Vegas Strip PVD SS Black Dial LIMITED,26186SN,Acero,,30890,USD,Used,68767,https://www.europeanwatch.com/watch/audemars-piguet-26186snood101cr01-26186sn-royal-oak-offshore-las-68767,2026-09-30
Audemars Piguet,"Audemars Piguet 15701ST Royal Oak Offshore Scuba ""Boutique Red"" SS Black Dial LIMITED",15701ST,Acero,,21390,USD,Used,68362,https://www.europeanwatch.com/watch/audemars-piguet-15701stood002ca03-15701st-royal-oak-offshore-scub-68362,2026-09-30
Audemars Piguet,Audemars Piguet Jules Audemars Diamonds 18K Rose Gold Pave Dial,,Oro rosa,,45550,USD,Used,70067,https://www.europeanwatch.com/watch/audemars-piguet-15159orzzd002cr01-jules-audemars-diamonds-18k-ros-70067,2026-09-30
Audemars Piguet,Audemars Piguet 25718BA Jules Audemars Tourbillon 18K Yellow Gold White Dial LIMITED,25718BA,Oro amarillo,,59390,USD,Used,63889,https://www.europeanwatch.com/watch/audemars-piguet-25718ba-25718ba-jules-audemars-tourbillon-18k-yel-63889,2026-09-30
Audemars Piguet,Audemars Piguet 77451ST Royal Oak 34 Diamond Bezel SS Blue Dial UNWORN,77451ST,Acero,,51950,USD,Used,69717,https://www.europeanwatch.com/watch/audemars-piguet-77451stzz1361st04-77451st-royal-oak-34-diamond-be-69717,2026-09-30
Audemars Piguet,Audemars Piguet 25977ST Royal Oak Tourbillon Chronograph SS Blue Dial,25977ST,Acero,,94500,USD,Used,66159,https://www.europeanwatch.com/watch/audemars-piguet-25977stoo1205st01-25977st-royal-oak-tourbillon-ch-66159,2026-09-30
Omega,Omega Seamaster 300M SS Black Dial 2025,,Acero,2025.0,6350,USD,Used,72342,https://www.europeanwatch.com/watch/omega-23432412101001-seamaster-300m-ss-black-dial-2025-72342,2026-09-30
Omega,Omega Seamaster Diver 300M No-Date SS Black Dial 2025 UNWORN,,Acero,2025.0,5850,USD,Used,72121,https://www.europeanwatch.com/watch/omega-21030422001010-seamaster-diver-300m-no-date-ss-black-dial-2-72121,2026-09-30
Omega,Omega Seamaster Railmaster SS Gray Dial 2026,,Acero,2026.0,5050,USD,Used,71786,https://www.europeanwatch.com/watch/omega-23510382006001-seamaster-railmaster-ss-gray-dial-2026-71786,2026-09-30
Omega,Omega Speedmaster Reduced Schumacher SS Black Racing Dial LIMITED,,Acero,,6390,USD,Used,71361,https://www.europeanwatch.com/watch/omega-35185000-speedmaster-reduced-schumacher-ss-black-racing-dia-71361,2026-09-30
Omega,Omega ST 145.0022 Speedmaster Professional Moonwatch SS Black Dial,,Acero,,6390,USD,Used,71149,https://www.europeanwatch.com/watch/omega-st-1450022-st-1450022-speedmaster-professional-moonwatch-ss-71149,2026-09-30
Omega,Omega Seamaster Diver 300M Chronograph Titanium / 18K Sedna Gold Blue Dial,,Oro rosa,,14490,USD,Used,70875,https://www.europeanwatch.com/watch/omega-21060445103001-seamaster-diver-300m-chronograph-titanium-18-70875,2026-09-30
Omega,Omega De Ville Hour Vision SS Blue Dial 2026,,Acero,2026.0,4250,USD,Used,71962,https://www.europeanwatch.com/watch/omega-43310412103001-de-ville-hour-vision-ss-blue-dial-2026-71962,2026-09-30
Omega,Omega Seamaster Aqua Terra 150M GMT SS Black Dial,,Acero,,4150,USD,Used,70913,https://www.europeanwatch.com/watch/omega-23113432201001-seamaster-aqua-terra-150m-gmt-ss-black-dial-70913,2026-09-30
Omega,"Omega Seamaster Planet Ocean ""Quantum of Solace"" SS Black Dial LIMITED",,Acero,,5150,USD,Used,71767,https://www.europeanwatch.com/watch/omega-22230462001001-seamaster-planet-ocean-quantum-of-solace-ss-71767,2026-09-30
Omega,Omega Constellation Manhattan SS / 18K YG Diamonds Blue Aventurine Dial,,Oro amarillo,,11990,USD,Used,66976,https://www.europeanwatch.com/watch/omega-13125292053001-constellation-manhattan-ss-18k-yg-diamonds-b-66976,2026-09-30
Omega,Omega 145.014 Speedmaster Mark II SS Black Dial,145.014,Acero,,3950,USD,Used,68260,https://www.europeanwatch.com/watch/omega-145014-145014-speedmaster-mark-ii-ss-black-dial-68260,2026-09-30
Omega,Omega De Ville Ladymatic 18K Sedna Gold Mother of Pearl Dial,,Oro rosa,,16650,USD,Used,67679,https://www.europeanwatch.com/watch/omega-42567342055008-de-ville-ladymatic-18k-sedna-gold-mother-of-67679,2026-09-30
Omega,Omega Constellation Co Axial Master Chronometer SS Blue Dial,,Acero,,5350,USD,Used,68806,https://www.europeanwatch.com/watch/omega-13133412103001-constellation-co-axial-master-chronometer-ss-68806,2026-09-30
Omega,Omega Speedmaster Anniversary 18K Rose Gold Silver Dial,,Oro rosa,,14490,USD,Used,70448,https://www.europeanwatch.com/watch/omega-31163403002001-speedmaster-anniversary-18k-rose-gold-silver-70448,2026-09-30
Omega,Omega Seamaster Diver 300M Chronograph SS Black Dial,,Acero,,6490,USD,Used,70834,https://www.europeanwatch.com/watch/omega-21032445101001-seamaster-diver-300m-chronograph-ss-black-di-70834,2026-09-30
Omega,Omega Constellation Co-Axial 38 SS Black Dial,,Acero,,4290,USD,Used,71141,https://www.europeanwatch.com/watch/omega-12310382101001-constellation-co-axial-38-ss-black-dial-71141,2026-09-30
Omega,Omega Speedmaster Professional Moonwatch Hesalite SS Black Dial,,Acero,,5690,USD,Used,66379,https://www.europeanwatch.com/watch/omega-31030425001001-speedmaster-professional-moonwatch-hesalite-66379,2026-09-30
Omega,Omega Speedmaster '57 Co-Axial Master Chronometer Chronograph SS Blue Dial,,Acero,,8350,USD,Used,72506,https://www.europeanwatch.com/watch/omega-33212415103001-speedmaster-57-co-axial-master-chronometer-c-72506,2026-09-30
Omega,"Omega Seamaster Diver 300M ""Summer Blue"" SS Blue Dial 2025",,Acero,2025.0,5800,USD,Used,72407,https://www.europeanwatch.com/watch/omega-21032422003002-seamaster-diver-300m-summer-blue-ss-blue-dia-72407,2026-09-30
Omega,"Omega Speedmaster Professional Moonwatch ""50th Anniversary"" Black Dial LIMITED",,Otro,,8550,USD,Used,71541,https://www.europeanwatch.com/watch/omega-31133425001001-speedmaster-professional-moonwatch-50th-anni-71541,2026-09-30
Omega,Omega Seamaster Aqua Terra Worldtimer SS Green Dial,,Acero,,9050,USD,Used,71155,https://www.europeanwatch.com/watch/omega-22032432210001-seamaster-aqua-terra-worldtimer-ss-green-dia-71155,2026-09-30
Omega,Omega Speedmaster 1957 Trilogy SS Black Dial LIMITED,,Acero,1957.0,7550,USD,Used,69876,https://www.europeanwatch.com/watch/omega-31110393001001-speedmaster-1957-trilogy-ss-black-dial-limit-69876,2026-09-30
Omega,Omega Speedmaster Moonwatch 18K Sedna Gold Black Dial,,Oro rosa,,29690,USD,Used,70821,https://www.europeanwatch.com/watch/omega-31060425001001-speedmaster-moonwatch-18k-sedna-gold-black-d-70821,2026-09-30
Omega,Omega Speedmaster First Omega in Space SS Black Dial,,Acero,,6500,USD,Used,69680,https://www.europeanwatch.com/watch/omega-31132403001001-speedmaster-first-omega-in-space-ss-black-di-69680,2026-09-30
Omega,Omega 3876.50.31 Speedmaster Professional Moonphase SS Black Dial,3876.50.31,Acero,,7350,USD,Used,71755,https://www.europeanwatch.com/watch/omega-38765031-38765031-speedmaster-professional-moonphase-ss-bla-71755,2026-09-30
Omega,Omega Speedmaster Moonwatch Chronograph 18K Canopus Gold Silver Dial,,Oro,,29900,USD,Used,72165,https://www.europeanwatch.com/watch/omega-31063425002001-speedmaster-moonwatch-chronograph-18k-canopu-72165,2026-09-30
Omega,Omega Seamaster Diver 300M Rio 2016 SS Black Dial LIMITED,,Acero,2016.0,4750,USD,Used,70833,https://www.europeanwatch.com/watch/omega-52230412001001-seamaster-diver-300m-rio-2016-ss-black-dial-70833,2026-09-30
Omega,Omega Constellation Manhattan 18K Moonshine Gold Mother of Pearl Dial UNWORN,,Oro,,24850,USD,Used,69945,https://www.europeanwatch.com/watch/omega-13155292055003-constellation-manhattan-18k-moonshine-gold-m-69945,2026-09-30
Omega,Omega Seamaster Planet Ocean 600M SS Black Dial,,Acero,,7690,USD,Used,70810,https://www.europeanwatch.com/watch/omega-21732422101003-seamaster-planet-ocean-600m-ss-black-dial-70810,2026-09-30
Omega,Omega Seamaster Diver 300M Ceramic/Titanium Black Dial,,Titanio,,6490,USD,Used,72234,https://www.europeanwatch.com/watch/omega-21092442001001-seamaster-diver-300m-ceramic-titanium-black-72234,2026-09-30
Omega,Omega Globemaster Annual Calendar SS / 18K RG Burgundy Dial,,Oro rosa,,10790,USD,Used,70450,https://www.europeanwatch.com/watch/omega-13023412211001-globemaster-annual-calendar-ss-18k-rg-burgun-70450,2026-09-30
Omega,"Omega Speedmaster ""First Omega in Space"" SS Blue Dial",,Acero,,7800,USD,Used,71939,https://www.europeanwatch.com/watch/omega-31032405006001-speedmaster-first-omega-in-space-ss-blue-dia-71939,2026-09-30
Omega,Omega Seamaster Diver 300M Chronograph 44 18K Rose Gold Black Dial 2025,,Oro rosa,2025.0,26900,USD,Used,71205,https://www.europeanwatch.com/watch/omega-21062445101001-seamaster-diver-300m-chronograph-44-18k-rose-71205,2026-09-30
Omega,Omega 145.014 Speedmaster Mark II SS Black Dial,145.014,Acero,,3650,USD,Used,70060,https://www.europeanwatch.com/watch/omega-145014-145014-speedmaster-mark-ii-ss-black-dial-70060,2026-09-30
Omega,Omega De Ville Prestige 18K Sedna Gold Blue Dial,,Oro rosa,,11450,USD,Used,67841,https://www.europeanwatch.com/watch/omega-43453412003001-de-ville-prestige-18k-sedna-gold-blue-dial-67841,2026-09-30
Omega,Omega Speedmaster Moonwatch Co-Axial 18K Rose Gold Black Enamel Dial,,Oro rosa,,21990,USD,Used,67241,https://www.europeanwatch.com/watch/omega-31163445101001-speedmaster-moonwatch-co-axial-18k-rose-gold-67241,2026-09-30
Omega,Omega Speedmaster Moonwatch Professional 18K Sedna Gold Black Dial,,Oro rosa,,20500,USD,Used,69346,https://www.europeanwatch.com/watch/omega-31063425001001-speedmaster-moonwatch-professional-18k-sedna-69346,2026-09-30
Cartier,Cartier WGCL0003 Cle de Cartier 18K Yellow Gold Silver Dial,WGCL0003,Oro amarillo,,18900,USD,Used,68733,https://www.europeanwatch.com/watch/cartier-wgcl0003-wgcl0003-cle-de-cartier-18k-yellow-gold-silver-d-68733,2026-09-30
Cartier,Cartier Santos De Cartier Dual Time SS Gray Dial,,Acero,,9350,USD,Used,71134,https://www.europeanwatch.com/watch/cartier-wssa0076-santos-de-cartier-dual-time-ss-gray-dial-71134,2026-09-30
Cartier,Cartier W1534251 Tank a Vis CPCP 18K Yellow Gold Dual Time Silver Dial,W1534251,Oro amarillo,,28450,USD,Used,71439,https://www.europeanwatch.com/watch/cartier-w1534251-w1534251-tank-a-vis-cpcp-18k-yellow-gold-dual-ti-71439,2026-09-30
Cartier,Cartier CPCP Tortue Monopoussoir Chronograph 18K Yellow Gold Silver Dial,,Oro amarillo,,69500,USD,Used,71312,https://www.europeanwatch.com/watch/cartier-w1543551-cpcp-tortue-monopoussoir-chronograph-18k-yellow-71312,2026-09-30
Cartier,Cartier W1553851 Rotonde de Cartier Jump Hour 18K White Gold Gray Dial,W1553851,Oro blanco,,17150,USD,Used,70375,https://www.europeanwatch.com/watch/cartier-w1553851-w1553851-rotonde-de-cartier-jump-hour-18k-white-70375,2026-09-30
Cartier,"Cartier WGTA0193 Tank Cintree ""100th Anniversary"" Platinum Cream Dial LIMITED",WGTA0193,Platino,,74350,USD,Used,71592,https://www.europeanwatch.com/watch/cartier-wgta0193-wgta0193-tank-cintree-100th-anniversary-platinum-71592,2026-09-30
Cartier,Cartier 2802K Tonneau XL CPCP 18K Rose Gold Silver Dial LIMITED,2802K,Oro rosa,,27050,USD,Used,66975,https://www.europeanwatch.com/watch/cartier-2802k-2802k-tonneau-xl-cpcp-18k-rose-gold-silver-dial-lim-66975,2026-09-30
Cartier,Cartier WSSA0082 Santos de Cartier Small Model SS Silver Dial 2026,WSSA0082,Acero,2026.0,6490,USD,Used,72044,https://www.europeanwatch.com/watch/cartier-wssa0082-wssa0082-santos-de-cartier-small-model-ss-silver-72044,2026-09-30
Cartier,Cartier WGTA0235 Tank a Guichets 18K Rose Gold Aperture Dial,WGTA0235,Oro rosa,,119000,USD,Used,72526,https://www.europeanwatch.com/watch/cartier-wgta0235-wgta0235-tank-a-guichets-18k-rose-gold-aperture-72526,2026-09-30
Cartier,Cartier Ballon Bleu de Cartier 18K Rose Gold Silver Dial,,Oro rosa,,13450,USD,Used,71666,https://www.europeanwatch.com/watch/cartier-wgbb0030-ballon-bleu-de-cartier-18k-rose-gold-silver-dial-71666,2026-09-30
Cartier,Cartier Vintage Tank Louis 18K YG White Dial,,Oro amarillo,,10350,USD,Used,71624,https://www.europeanwatch.com/watch/cartier-67117-vintage-tank-louis-18k-yg-white-dial-71624,2026-09-30
Cartier,Cartier WGTA0109 Tank Normale Platinum Silver Dial,WGTA0109,Platino,,43850,USD,Used,70383,https://www.europeanwatch.com/watch/cartier-wgta0109-wgta0109-tank-normale-platinum-silver-dial-70383,2026-09-30
Cartier,Cartier WGSA0053 Santos-Dumont Platinum Silver Dial LIMITED,WGSA0053,Platino,,27890,USD,Used,70830,https://www.europeanwatch.com/watch/cartier-wgsa0053-wgsa0053-santos-dumont-platinum-silver-dial-limi-70830,2026-09-30
Cartier,Cartier WSTA0083 Tank Americaine Large SS Silver Dial 2026,WSTA0083,Acero,2026.0,6350,USD,Used,72216,https://www.europeanwatch.com/watch/cartier-wsta0083-wsta0083-tank-americaine-large-ss-silver-dial-20-72216,2026-09-30
Cartier,Cartier Panthere Jewelry Watch 18K Yellow Gold Black Onyx Dial 2026,,Oro amarillo,2026.0,86850,USD,Used,71244,https://www.europeanwatch.com/watch/cartier-hpi01789-panthere-jewelry-watch-18k-yellow-gold-black-ony-71244,2026-09-30
Cartier,Cartier 2524 Roadster 18K Yellow Gold Silver Dial,2524,Oro amarillo,,13900,USD,Used,71880,https://www.europeanwatch.com/watch/cartier-2524-2524-roadster-18k-yellow-gold-silver-dial-71880,2026-09-30
Cartier,Cartier 1741 Tank Americaine 18k White Gold Silver Dial,1741,Oro blanco,,9900,USD,Used,72152,https://www.europeanwatch.com/watch/cartier-1741-1741-tank-americaine-18k-white-gold-silver-dial-72152,2026-09-30
Cartier,Cartier W1537651 Tank a Vis Dual Time 18K Rose Gold Silver Dial,W1537651,Oro rosa,,27050,USD,Used,70352,https://www.europeanwatch.com/watch/cartier-w1537651-w1537651-tank-a-vis-dual-time-18k-rose-gold-silv-70352,2026-09-30
Cartier,Cartier WGTA0110 Tank Normale 18K Yellow Gold Silver Dial LIMITED,WGTA0110,Oro amarillo,,83250,USD,Used,69928,https://www.europeanwatch.com/watch/cartier-wgta0110-wgta0110-tank-normale-18k-yellow-gold-silver-dia-69928,2026-09-30
Cartier,Cartier 2390 Tank Basculante SS Silver Dial,2390,Acero,,10750,USD,Used,69389,https://www.europeanwatch.com/watch/cartier-2390-2390-tank-basculante-ss-silver-dial-69389,2026-09-30
Cartier,"Cartier Tank Cintree ""MILANO EDITION"" Platinum Silver Dial",,Platino,,109000,USD,Used,69062,https://www.europeanwatch.com/watch/cartier-wgta0284-tank-cintree-milano-edition-platinum-silver-dial-69062,2026-09-30
Cartier,Cartier W1509551 Tonneau Platinum Silver Dial,W1509551,Platino,,24900,USD,Used,64353,https://www.europeanwatch.com/watch/cartier-w1509551-w1509551-tonneau-platinum-silver-dial-64353,2026-09-30
Cartier,Cartier Rotonde de Cartier Flying Tourbillon 18K White Gold Silver Dial,,Oro blanco,,49500,USD,Used,59156,https://www.europeanwatch.com/watch/cartier-w1556216-rotonde-de-cartier-flying-tourbillon-18k-white-g-59156,2026-09-30
Cartier,Cartier WE9007Z3 Ballon Bleu 42 18K Yellow Gold Silver Dial,WE9007Z3,Oro amarillo,,28700,USD,Used,67107,https://www.europeanwatch.com/watch/cartier-we9007z3-we9007z3-ballon-bleu-42-18k-yellow-gold-silver-d-67107,2026-09-30
Cartier,Cartier W1556224 Rotonde de Cartier Mysterious Hour 18K White Gold Silver Dial,W1556224,Oro blanco,,33800,USD,Used,66668,https://www.europeanwatch.com/watch/cartier-w1556224-w1556224-rotonde-de-cartier-mysterious-hour-18k-66668,2026-09-30
Hublot,Hublot Big Bang Unico Titanium Blue Ceramic Skeleton Dial,,Titanio,,13450,USD,Used,71317,https://www.europeanwatch.com/watch/hublot-441nl5171rx-big-bang-unico-titanium-blue-ceramic-skeleton-71317,2026-09-30
Hublot,Hublot Classic Fusion Ceramic Blue Dial,,Cerámica,,8350,USD,Used,72366,https://www.europeanwatch.com/watch/hublot-542cm7170lr-classic-fusion-ceramic-blue-dial-72366,2026-09-30
Hublot,Hublot Big Bang St. Moritz SS White Dial,,Acero,,8900,USD,Used,69814,https://www.europeanwatch.com/watch/hublot-301se230rw-big-bang-st-moritz-ss-white-dial-69814,2026-09-30
Hublot,Hublot Spirit of Big Bang Moonphase Black Ceramic Skeleton Dial,,Cerámica,,10300,USD,Used,69636,https://www.europeanwatch.com/watch/hublot-647ci1110lr1200-spirit-of-big-bang-moonphase-black-ceramic-69636,2026-09-30
Hublot,Hublot Classic Fusion Yohji Yamamoto Ceramic Black Camo Dial LIMITED,,Cerámica,,11650,USD,Used,71812,https://www.europeanwatch.com/watch/hublot-542ci6670nryoy-classic-fusion-yohji-yamamoto-ceramic-black-71812,2026-09-30
Hublot,Hublot Big Bang Unico Titanium Ceramic Skeleton Dial,,Titanio,,10900,USD,Used,69638,https://www.europeanwatch.com/watch/hublot-441nm1170rx-big-bang-unico-titanium-ceramic-skeleton-dial-69638,2026-09-30
Hublot,Hublot Big Bang Scuderia Ferrari 90th Anniversary Carbon Skeleton Dial LIMITED,,Carbono,,15900,USD,Used,66937,https://www.europeanwatch.com/watch/hublot-402qd0123nr-big-bang-scuderia-ferrari-90th-anniversary-car-66937,2026-09-30
Hublot,Hublot Classic Fusion Aerofusion Chronograph Titanium Skeleton Dial,,Titanio,,11200,USD,Used,69192,https://www.europeanwatch.com/watch/hublot-525nx0170rx-classic-fusion-aerofusion-chronograph-titanium-69192,2026-09-30
Hublot,Hublot Big Bang Unico Golf Blue Carbon Skeleton Dial LIMITED,,Carbono,,16750,USD,Used,71009,https://www.europeanwatch.com/watch/hublot-416yl5120vr-big-bang-unico-golf-blue-carbon-skeleton-dial-71009,2026-09-30
Hublot,Hublot Big Bang Unico 42 Ceramic Skeleton Dial LIMITED,,Cerámica,,17950,USD,Used,71463,https://www.europeanwatch.com/watch/hublot-451ex5120ex-big-bang-unico-42-ceramic-skeleton-dial-limite-71463,2026-09-30
Hublot,Hublot 301.CI.1770.RX Big Bang Black Magic Titanium/Ceramic Black Dial,301.CI.1770.RX,Titanio,,6900,USD,Used,72420,https://www.europeanwatch.com/watch/hublot-301ci1770rx-301ci1770rx-big-bang-black-magic-titanium-cera-72420,2026-09-30
Hublot,Hublot Big Bang Unico Black Magic Ceramic Skeleton Dial,,Cerámica,,14900,USD,Used,72358,https://www.europeanwatch.com/watch/hublot-441ci1171rx-big-bang-unico-black-magic-ceramic-skeleton-di-72358,2026-09-30
Hublot,Hublot King Power Unico All Carbon Skeleton Dial,,Carbono,,10350,USD,Used,72290,https://www.europeanwatch.com/watch/hublot-701qx0140rx-king-power-unico-all-carbon-skeleton-dial-72290,2026-09-30
Hublot,Hublot Square Bang Unico Black Magic Ceramic Skeleton Dial,,Cerámica,,23500,USD,Used,72288,https://www.europeanwatch.com/watch/hublot-821ci0170rx-square-bang-unico-black-magic-ceramic-skeleton-72288,2026-09-30
Hublot,Hublot Big Bang Meca-10 Black Magic Black Ceramic Skeleton Dial,,Cerámica,,13500,USD,Used,70986,https://www.europeanwatch.com/watch/hublot-414ci1123rx-big-bang-meca-10-black-magic-black-ceramic-ske-70986,2026-09-30
Hublot,Hublot Classic Fusion 33 Titanium Black Dial,,Titanio,,5450,USD,Used,70443,https://www.europeanwatch.com/watch/hublot-585nx1170nx-classic-fusion-33-titanium-black-dial-70443,2026-09-30
Hublot,Hublot Big Bang Unico Ferrari Titanium Carbon Skeleton Dial LIMITED,,Titanio,,11590,USD,Used,66939,https://www.europeanwatch.com/watch/hublot-401nj0123vr-big-bang-unico-ferrari-titanium-carbon-skeleto-66939,2026-09-30
IWC,IWC Portugieser 7 Days SS Cream Dial,,Acero,,6050,USD,Used,71345,https://www.europeanwatch.com/watch/iwc-iw500114-portugieser-7-days-ss-cream-dial-71345,2026-09-30
IWC,IWC IW500107 Portugieser Automatic SS Silver Dial,IW500107,Acero,,6850,USD,Used,71655,https://www.europeanwatch.com/watch/iwc-iw500107-iw500107-portugieser-automatic-ss-silver-dial-71655,2026-09-30
IWC,IWC Portugieser Chronograph SS Silver Dial,,Acero,,6150,USD,Used,71829,https://www.europeanwatch.com/watch/iwc-iw371446-portugieser-chronograph-ss-silver-dial-71829,2026-09-30
IWC,IWC IW324801 Pilot Mark XVIII Edition HODINKEE Ceratanium Black Dial LIMITED,IW324801,Titanio,,17950,USD,Used,71976,https://www.europeanwatch.com/watch/iwc-iw324801-iw324801-pilot-mark-xviii-edition-hodinkee-cerataniu-71976,2026-09-30
IWC,IWC IW3713-13 Pilot Doppelchronograph 18K Yellow Gold Black Dial,IW3713-13,Oro amarillo,,13900,USD,Used,67692,https://www.europeanwatch.com/watch/iwc-iw3713-13-iw3713-13-pilot-doppelchronograph-18k-yellow-gold-b-67692,2026-09-30
IWC,IWC IW544301 Portugieser Regulateur Wempe Edition SS Silver Dial LIMITED,IW544301,Acero,,13900,USD,Used,69932,https://www.europeanwatch.com/watch/iwc-iw544301-iw544301-portugieser-regulateur-wempe-edition-ss-sil-69932,2026-09-30
IWC,IWC IW352701 GST Deep One Titanium Black Dial,IW352701,Titanio,,25500,USD,Used,72319,https://www.europeanwatch.com/watch/iwc-iw352701-iw352701-gst-deep-one-titanium-black-dial-72319,2026-09-30
IWC,IWC IW392103 Da Vinci Perpetual Calendar Chronograph SS Gray Dial,IW392103,Acero,,19900,USD,Used,72341,https://www.europeanwatch.com/watch/iwc-iw392103-iw392103-da-vinci-perpetual-calendar-chronograph-ss-72341,2026-09-30
IWC,IWC IW544805 Vintage Collection Portofino Platinum Silver Dial LIMITED,IW544805,Platino,,16300,USD,Used,66249,https://www.europeanwatch.com/watch/iwc-iw544805-iw544805-vintage-collection-portofino-platinum-silve-66249,2026-09-30
IWC,IWC IW3770 Grande Complication Platinum White Dial LIMITED,IW3770,Platino,,88990,USD,Used,70737,https://www.europeanwatch.com/watch/iwc-iw3770-iw3770-grande-complication-platinum-white-dial-limited-70737,2026-09-30
IWC,IWC IW344602 Portofino Perpetual Calendar 18K Rose Gold Silver Dial 2025,IW344602,Oro rosa,2025.0,23550,USD,Used,70499,https://www.europeanwatch.com/watch/iwc-iw344602-iw344602-portofino-perpetual-calendar-18k-rose-gold-70499,2026-09-30
IWC,"IWC Pilot Chronograph Spitfire ""Tribeca Film Festival 2014"" SS Gray Dial LE",,Acero,2014.0,10350,USD,Used,72475,https://www.europeanwatch.com/watch/iwc-iw387810-pilot-chronograph-spitfire-tribeca-film-festival-201-72475,2026-09-30
IWC,IWC IW003227 Ingenieur Automatic AMG Titanium Black Dial,IW003227,Titanio,,5800,USD,Used,71348,https://www.europeanwatch.com/watch/iwc-iw003227-iw003227-ingenieur-automatic-amg-titanium-black-dial-71348,2026-09-30
IWC,"IWC Pilot's Watch Automatic 41 TOP GUN ""Lake Tahoe"" Ceramic Black Dial 2025",,Cerámica,2025.0,6350,USD,Used,71641,https://www.europeanwatch.com/watch/iwc-iw328104-pilots-watch-automatic-41-top-gun-lake-tahoe-ceramic-71641,2026-09-30
IWC,IWC IW344601 Portofino Perpetual Calendar SS Silver Dial,IW344601,Acero,,20850,USD,Used,70930,https://www.europeanwatch.com/watch/iwc-iw344601-iw344601-portofino-perpetual-calendar-ss-silver-dial-70930,2026-09-30
IWC,IWC IW502702 Big Pilot Annual Calendar Spitfire Stainless Steel Gray Dial,IW502702,Acero,,11150,USD,Used,70657,https://www.europeanwatch.com/watch/iwc-iw502702-iw502702-big-pilot-annual-calendar-spitfire-stainles-70657,2026-09-30
IWC,IWC 3751 Da Vinci Perpetual Calendar Rattrapante Platinum Gray Dial,3751,Platino,,27350,USD,Used,70231,https://www.europeanwatch.com/watch/iwc-3751-3751-da-vinci-perpetual-calendar-rattrapante-platinum-gr-70231,2026-09-30
IWC,IWC IW390303 Portugieser Chronograph Classic SS Blue Dial,IW390303,Acero,,6450,USD,Used,70786,https://www.europeanwatch.com/watch/iwc-iw390303-iw390303-portugieser-chronograph-classic-ss-blue-dia-70786,2026-09-30
IWC,IWC IW338902 Ingenieur Automatic 42 Ceramic Dark Olive Green Dial,IW338902,Cerámica,,21900,USD,Used,71998,https://www.europeanwatch.com/watch/iwc-iw338902-iw338902-ingenieur-automatic-42-ceramic-dark-olive-g-71998,2026-09-30
IWC,IWC IW503510 Portugieser Annual Calendar SS Green Dial LIMITED,IW503510,Acero,,20850,USD,Used,70984,https://www.europeanwatch.com/watch/iwc-iw503510-iw503510-portugieser-annual-calendar-ss-green-dial-l-70984,2026-09-30
IWC,IWC IW328903 Ingenieur Automatic 40 SS Aqua Blue Dial,IW328903,Acero,,10350,USD,Used,72167,https://www.europeanwatch.com/watch/iwc-iw328903-iw328903-ingenieur-automatic-40-ss-aqua-blue-dial-72167,2026-09-30
IWC,IWC IW376803 Aquatimer Chronograph SS Black Dial,IW376803,Acero,,4450,USD,Used,70445,https://www.europeanwatch.com/watch/iwc-iw376803-iw376803-aquatimer-chronograph-ss-black-dial-70445,2026-09-30
IWC,"IWC Pilot's Watch Automatic 41 TOP GUN ""Lake Tahoe"" Ceramic Black Dial",,Cerámica,,6650,USD,Used,70442,https://www.europeanwatch.com/watch/iwc-iw328104-pilots-watch-automatic-41-top-gun-lake-tahoe-ceramic-70442,2026-09-30
IWC,IWC Portugieser Perpetual Calendar 18K Yellow Gold Silver Dial,,Oro amarillo,,25900,USD,Used,71419,https://www.europeanwatch.com/watch/iwc-iw502107-portugieser-perpetual-calendar-18k-yellow-gold-silve-71419,2026-09-30
IWC,"IWC IW390704 Portugieser Yacht Club Chronograph ""Orlebar Brown"" SS Blue Dial",IW390704,Acero,,10900,USD,Used,66796,https://www.europeanwatch.com/watch/iwc-iw390704-iw390704-portugieser-yacht-club-chronograph-orlebar-66796,2026-09-30
IWC,IWC IW500402 Big Pilot 18K White Gold Gray Dial,IW500402,Oro blanco,,15250,USD,Used,69500,https://www.europeanwatch.com/watch/iwc-iw500402-iw500402-big-pilot-18k-white-gold-gray-dial-69500,2026-09-30
IWC,IWC IW500201 Big Pilot's Watch SS Black Dial,IW500201,Acero,,7550,USD,Used,70666,https://www.europeanwatch.com/watch/iwc-iw500201-iw500201-big-pilots-watch-ss-black-dial-70666,2026-09-30
IWC,IWC Pilot's Watch Chronograph Antoine De Saint Exupery Edition SS Brown Dial,,Acero,,5350,USD,Used,69240,https://www.europeanwatch.com/watch/iwc-iw387806-pilots-watch-chronograph-antoine-de-saint-exupery-ed-69240,2026-09-30
IWC,IWC IW544805 Vintage Collection Portofino Platinum Silver Dial LIMITED,IW544805,Platino,,15900,USD,Used,68774,https://www.europeanwatch.com/watch/iwc-iw544805-iw544805-vintage-collection-portofino-platinum-silve-68774,2026-09-30
IWC,IWC IW545404 Portugieser Hand-Wound SS Black Dial,IW545404,Acero,,5890,USD,Used,69092,https://www.europeanwatch.com/watch/iwc-iw545404-iw545404-portugieser-hand-wound-ss-black-dial-69092,2026-09-30
IWC,IWC IW371513 GST Rattrapante Chronograph SS Salmon Dial,IW371513,Acero,,5400,USD,Used,68480,https://www.europeanwatch.com/watch/iwc-iw371513-iw371513-gst-rattrapante-chronograph-ss-salmon-dial-68480,2026-09-30
IWC,IWC IW501201 Big Pilot's Watch AMG G 63 18K Rose Gold Black Dial,IW501201,Oro rosa,,28250,USD,Used,69773,https://www.europeanwatch.com/watch/iwc-iw501201-iw501201-big-pilots-watch-amg-g-63-18k-rose-gold-bla-69773,2026-09-30
IWC,IWC IW3303 Ingenieur Jumbo SL Extra Thin Quartz SS Silver Dial,IW3303,Acero,,18990,USD,Used,64786,https://www.europeanwatch.com/watch/iwc-iw3303-iw3303-ingenieur-jumbo-sl-extra-thin-quartz-ss-silver-64786,2026-09-30
Panerai,Panerai PAM01123 Luminor Due SS Blue Dial,PAM01123,Acero,,6850,USD,Used,71412,https://www.europeanwatch.com/watch/panerai-pam01123-pam01123-luminor-due-ss-blue-dial-71412,2026-09-30
Panerai,Panerai Luminor Venticinque Brunito SS Blue Dial LIMITED,,Acero,,8990,USD,Used,69977,https://www.europeanwatch.com/watch/panerai-pam02025-luminor-venticinque-brunito-ss-blue-dial-limited-69977,2026-09-30
Panerai,Panerai PAM00655 Radiomir 1940 SS White Dial,PAM00655,Acero,,6050,USD,Used,71860,https://www.europeanwatch.com/watch/panerai-pam00655-pam00655-radiomir-1940-ss-white-dial-71860,2026-09-30
Panerai,Panerai PAM01467 Luminor BiTempo Titanium DLC New York LIMITED,PAM01467,Titanio,,9890,USD,Used,72037,https://www.europeanwatch.com/watch/panerai-pam01467-pam01467-luminor-bitempo-titanium-dlc-new-york-l-72037,2026-09-30
Panerai,Panerai PAM00676 Luminor Due 3 Days Acciaio SS Black Dial,PAM00676,Acero,,5150,USD,Used,71216,https://www.europeanwatch.com/watch/panerai-pam00676-pam00676-luminor-due-3-days-acciaio-ss-black-dia-71216,2026-09-30
Panerai,Panerai PAM00382 Luminor Submersible 1950 3 Days Bronzo Green Dial LIMITED,PAM00382,Bronce,1950.0,22900,USD,Used,70484,https://www.europeanwatch.com/watch/panerai-pam00382-pam00382-luminor-submersible-1950-3-days-bronzo-70484,2026-09-30
Panerai,Panerai PAM00337 Radiomir SS Black Dial,PAM00337,Acero,,7450,USD,Used,71543,https://www.europeanwatch.com/watch/panerai-pam00337-pam00337-radiomir-ss-black-dial-71543,2026-09-30
Panerai,Panerai PAM00676 Luminor Due 3 Days Acciaio SS Black Dial,PAM00676,Acero,,5350,USD,Used,71890,https://www.europeanwatch.com/watch/panerai-pam00676-pam00676-luminor-due-3-days-acciaio-ss-black-dia-71890,2026-09-30
Panerai,Panerai PAM00368 Luminor 1950 Left-Handed 8 Days Titanio Brown Dial,PAM00368,Titanio,1950.0,7990,USD,Used,68923,https://www.europeanwatch.com/watch/panerai-pam00368-pam00368-luminor-1950-left-handed-8-days-titanio-68923,2026-09-30
Panerai,Panerai PAM01384 Radiomir Officine SS White Dial 2025,PAM01384,Acero,2025.0,5150,USD,Used,71955,https://www.europeanwatch.com/watch/panerai-pam01384-pam01384-radiomir-officine-ss-white-dial-2025-71955,2026-09-30
Panerai,Panerai PAM00321 Luminor 1950 3 Days GMT Power Reserve SS Black Dial,PAM00321,Acero,1950.0,4690,USD,Used,71853,https://www.europeanwatch.com/watch/panerai-pam00321-pam00321-luminor-1950-3-days-gmt-power-reserve-s-71853,2026-09-30
Panerai,Panerai PAM00973 Submersible 42 Acciaio Black Dial,PAM00973,Acero,,6490,USD,Used,71743,https://www.europeanwatch.com/watch/panerai-pam00973-pam00973-submersible-42-acciaio-black-dial-71743,2026-09-30
Panerai,Panerai PAM00309 Radiomir 47 Titanium Black Dial LIMITED,PAM00309,Titanio,,17150,USD,Used,71034,https://www.europeanwatch.com/watch/panerai-pam00309-pam00309-radiomir-47-titanium-black-dial-limited-71034,2026-09-30
Panerai,Panerai PAM00968 Submersible Bronzo Brown Dial,PAM00968,Bronce,,13250,USD,Used,71950,https://www.europeanwatch.com/watch/panerai-pam00968-pam00968-submersible-bronzo-brown-dial-71950,2026-09-30
Panerai,Panerai Radiomir 1940 3 Days Marina Militare Acciaio SS Black Dial LIMITED,,Acero,,7450,USD,Used,71794,https://www.europeanwatch.com/watch/panerai-pam00587-radiomir-1940-3-days-marina-militare-acciaio-ss-71794,2026-09-30
Panerai,Panerai PAM01298 Luminor Chrono Flyback Ceramica Black Dial LIMITED,PAM01298,Cerámica,,10250,USD,Used,71598,https://www.europeanwatch.com/watch/panerai-pam01298-pam01298-luminor-chrono-flyback-ceramica-black-d-71598,2026-09-30
Panerai,Panerai PAM02223 Luminor 42 SS White Dial 2026,PAM02223,Acero,2026.0,6550,USD,Used,71436,https://www.europeanwatch.com/watch/panerai-pam02223-pam02223-luminor-42-ss-white-dial-2026-71436,2026-09-30
Panerai,Panerai PAM01033 Luminor GMT SS Blue Dial,PAM01033,Acero,,7350,USD,Used,72172,https://www.europeanwatch.com/watch/panerai-pam01033-pam01033-luminor-gmt-ss-blue-dial-72172,2026-09-30
Panerai,"Panerai Luminor Submersible ""Mike Horn"" Edition Titanium Black Dial LIMITED",,Titanio,,14500,USD,Used,72223,https://www.europeanwatch.com/watch/panerai-pam00984-luminor-submersible-mike-horn-edition-titanium-b-72223,2026-09-30
Panerai,"Panerai PAM01232 Submersible QuarantaQuattro ""Blu Abisso"" Carbotech Blue Dial",PAM01232,Carbono,,11950,USD,Used,70909,https://www.europeanwatch.com/watch/panerai-pam01232-pam01232-submersible-quarantaquattro-blu-abisso-70909,2026-09-30
Panerai,Panerai PAM01574 Luminor GMT Power Reserve Ceramic Blue Dial,PAM01574,Cerámica,,13500,USD,Used,72243,https://www.europeanwatch.com/watch/panerai-pam01574-pam01574-luminor-gmt-power-reserve-ceramic-blue-72243,2026-09-30
Panerai,Panerai PAM01731 Luminor SS Brown Tobacco Dial 2026,PAM01731,Acero,2026.0,8350,USD,Used,72071,https://www.europeanwatch.com/watch/panerai-pam01731-pam01731-luminor-ss-brown-tobacco-dial-2026-72071,2026-09-30
Panerai,Panerai PAM01349 Radiomir California 8 Giorni Brunito SS Green Dial,PAM01349,Acero,,9300,USD,Used,72259,https://www.europeanwatch.com/watch/panerai-pam01349-pam01349-radiomir-california-8-giorni-brunito-ss-72259,2026-09-30
Panerai,Panerai PAM01283 Submersible S Brabus Carbotech Skeleton Dial LIMITED,PAM01283,Carbono,,29350,USD,Used,70629,https://www.europeanwatch.com/watch/panerai-pam01283-pam01283-submersible-s-brabus-carbotech-skeleton-70629,2026-09-30
Panerai,Panerai PAM01181 Luminor Due Luna 18K Rose Gold Mother of Pearl Dial,PAM01181,Oro rosa,,20650,USD,Used,70490,https://www.europeanwatch.com/watch/panerai-pam01181-pam01181-luminor-due-luna-18k-rose-gold-mother-o-70490,2026-09-30
Panerai,"Panerai PAM01038 Luminor ""Luna Rossa Regatta"" Titanium Gray Dial",PAM01038,Titanio,,11550,USD,Used,68538,https://www.europeanwatch.com/watch/panerai-pam01038-pam01038-luminor-luna-rossa-regatta-titanium-gra-68538,2026-09-30
Panerai,Panerai PAM01026 Radiomir Quaranta Goldtech Silver Dial,PAM01026,Oro rosa,,13900,USD,Used,68388,https://www.europeanwatch.com/watch/panerai-pam01026-pam01026-radiomir-quaranta-goldtech-silver-dial-68388,2026-09-30
TAG Heuer,TAG Heuer Carrera Chronograph fragment SS Black Opalin Dial UNWORN LIMITED,,Acero,,10900,USD,Used,67888,https://www.europeanwatch.com/watch/tag-heuer-cbs221bba0045-carrera-chronograph-fragment-ss-black-opa-67888,2026-09-30
TAG Heuer,TAG Heuer Carrera Chronograph SS Blue Dial,,Acero,,4990,USD,Used,71967,https://www.europeanwatch.com/watch/tag-heuer-cbs2212fc6535-carrera-chronograph-ss-blue-dial-71967,2026-09-30
TAG Heuer,"TAG Heuer Monaco ""Las Vegas"" Titanium Purple/Blue Gradient Dial LIMITED",,Titanio,,11900,USD,Used,71533,https://www.europeanwatch.com/watch/tag-heuer-cbl218eft6312-monaco-las-vegas-titanium-purple-blue-gra-71533,2026-09-30
TAG Heuer,TAG Heuer Carrera Chronograph MEIA Middle East SS Green Dial UNWORN LIMITED,,Acero,,7550,USD,Used,70056,https://www.europeanwatch.com/watch/tag-heuer-cbs2218ba0048-carrera-chronograph-meia-middle-east-ss-g-70056,2026-09-30
TAG Heuer,TAG Heuer Carrera Heuer 02T Tourbillon Ceramic Black Skeleton Dial,,Cerámica,,12850,USD,Used,69556,https://www.europeanwatch.com/watch/tag-heuer-car5a90fc6415-carrera-heuer-02t-tourbillon-ceramic-blac-69556,2026-09-30
Zenith,Zenith Chronomaster Open SS Black Dial 2025,,Acero,2025.0,6650,USD,Used,71525,https://www.europeanwatch.com/watch/zenith-0333003604-21c822-chronomaster-open-ss-black-dial-2025-71525,2026-09-30
Zenith,Zenith Chronomaster Original SS Silver Dial,,Acero,,7850,USD,Used,70923,https://www.europeanwatch.com/watch/zenith-0332003600-69m3200-chronomaster-original-ss-silver-dial-70923,2026-09-30
Zenith,Zenith Defy 21 Chroma II White Ceramic Skeleton Dial 2025 LIMITED,,Cerámica,2025.0,13550,USD,Used,71999,https://www.europeanwatch.com/watch/zenith-4990149004-01r953-defy-21-chroma-ii-white-ceramic-skeleton-71999,2026-09-30
Zenith,Zenith Chronomaster El Primero Original 1969 SS Blue Dial,,Acero,1969.0,8250,USD,Used,70548,https://www.europeanwatch.com/watch/zenith-032150400-53c700-chronomaster-el-primero-original-1969-ss-70548,2026-09-30
Zenith,Zenith Defy 21 Chroma II White Ceramic Skeleton Dial 2025 LIMITED,,Cerámica,2025.0,12350,USD,Used,69441,https://www.europeanwatch.com/watch/zenith-4990149004-01r953-defy-21-chroma-ii-white-ceramic-skeleton-69441,2026-09-30
Zenith,Zenith Chronomaster Sport Aaron Rodgers Edition SS Green Dial LIMITED,,Acero,,8990,USD,Used,69135,https://www.europeanwatch.com/watch/zenith-0331173600-56m3100-chronomaster-sport-aaron-rodgers-editio-69135,2026-09-30
Zenith,"Zenith El Primero A384 Revival ""50th Anniversary"" SS White Panda Dial",,Acero,,7490,USD,Used,72437,https://www.europeanwatch.com/watch/zenith-03a384400-21c815-el-primero-a384-revival-50th-anniversary-72437,2026-09-30
Zenith,Zenith Pilot Big Date Flyback Black Ceramic Black Dial,,Cerámica,,8150,USD,Used,70988,https://www.europeanwatch.com/watch/zenith-4940003652-21i001-pilot-big-date-flyback-black-ceramic-bla-70988,2026-09-30
Zenith,"Zenith Chronomaster Revival A3818 ""Cover Girl"" Forged Carbon Dial 2025",,Carbono,2025.0,10690,USD,Used,70463,https://www.europeanwatch.com/watch/zenith-10a3818400-21c105-chronomaster-revival-a3818-cover-girl-fo-70463,2026-09-30
Zenith,Zenith Chronomaster Sport 18K Rose Gold White Tricolor Dial,,Oro rosa,,29950,USD,Used,70511,https://www.europeanwatch.com/watch/zenith-1831013600-69m3100-chronomaster-sport-18k-rose-gold-white-70511,2026-09-30
Zenith,Zenith El Primero Tourbillon Chronograph SS Black Dial,,Acero,,24790,USD,Used,69745,https://www.europeanwatch.com/watch/zenith-0320504035-21c630-el-primero-tourbillon-chronograph-ss-bla-69745,2026-09-30
